{"nm":"F6080421N35","ddd":0,"h":500,"w":500,"meta":{"g":"@lottiefiles/toolkit-js 0.25.8"},"layers":[{"ty":4,"nm":"Layer 4","sr":1,"st":0,"op":301,"ip":0,"hd":false,"ddd":0,"bm":0,"hasMask":false,"ao":0,"ks":{"a":{"a":0,"k":[29.889,159.022,0],"ix":1},"s":{"a":0,"k":[100,100,100],"ix":6},"sk":{"a":0,"k":0},"p":{"a":0,"k":[29.889,159.022,0],"ix":2},"r":{"a":0,"k":0,"ix":10},"sa":{"a":0,"k":0},"o":{"a":0,"k":100,"ix":11}},"ef":[],"shapes":[{"ty":"gr","bm":0,"hd":false,"mn":"ADBE Vector Group","nm":"Group 1","ix":1,"cix":2,"np":1,"it":[{"ty":"gr","bm":0,"hd":false,"mn":"ADBE Vector Group","nm":"Group 1","ix":1,"cix":2,"np":2,"it":[{"ty":"sh","bm":0,"hd":false,"mn":"ADBE Vector Shape - Group","nm":"Path 1","ix":1,"d":1,"ks":{"a":0,"k":{"c":true,"i":[[-6.616,2.684],[-0.044,0.018],[0.774,-1.262],[4.276,-1.708],[4.828,9.218],[-10.813,4.729],[-4.055,-0.873],[1.254,-0.546],[0,0],[-3.895,-7.326]],"o":[[0.044,-0.018],[1.366,-0.57],[-2.222,3.622],[-9.663,3.86],[-5.57,-10.634],[4.089,-1.789],[1.337,0.288],[0,0],[-7.463,3.264],[3.352,6.304]],"v":[[48.061,173.58],[48.194,173.525],[50.057,175.704],[40.19,184.003],[14.481,174.513],[24.398,146.206],[36.9,144.943],[37.176,147.604],[37.134,147.622],[30.358,167.163]]},"ix":2}},{"ty":"fl","bm":0,"hd":false,"mn":"ADBE Vector Graphic - Fill","nm":"Fill 1","c":{"a":0,"k":[0.0902,0.1529,0.2275],"ix":4},"r":1,"o":{"a":0,"k":100,"ix":5}},{"ty":"tr","a":{"a":0,"k":[0,0],"ix":1},"s":{"a":0,"k":[100,100],"ix":3},"sk":{"a":0,"k":0,"ix":4},"p":{"a":0,"k":[0,0],"ix":2},"r":{"a":0,"k":0,"ix":6},"sa":{"a":0,"k":0,"ix":5},"o":{"a":0,"k":100,"ix":7}}]},{"ty":"tr","a":{"a":0,"k":[0,0],"ix":1},"s":{"a":0,"k":[100,100],"ix":3},"sk":{"a":0,"k":0,"ix":4},"p":{"a":0,"k":[0,0],"ix":2},"r":{"a":0,"k":0,"ix":6},"sa":{"a":0,"k":0,"ix":5},"o":{"a":0,"k":100,"ix":7}}]},{"ty":"gr","bm":1,"hd":false,"mn":"ADBE Vector Group","nm":"Group 2","ix":2,"cix":2,"np":1,"it":[{"ty":"gr","bm":0,"hd":false,"mn":"ADBE Vector Group","nm":"Group 1","ix":1,"cix":2,"np":2,"it":[{"ty":"sh","bm":0,"hd":false,"mn":"ADBE Vector Shape - Group","nm":"Path 1","ix":1,"d":1,"ks":{"a":0,"k":{"c":true,"i":[[5.192,0],[0,0],[0,5.192],[0,0],[-5.192,0],[0,0],[0,-5.192],[0,0]],"o":[[0,0],[-5.192,0],[0,0],[0,-5.192],[0,0],[5.192,0],[0,0],[0,5.192]],"v":[[-56.607,160.042],[-71.073,160.042],[-80.473,150.641],[-80.473,102.876],[-71.073,93.476],[-56.607,93.476],[-47.207,102.876],[-47.207,150.641]]},"ix":2}},{"ty":"fl","bm":0,"hd":false,"mn":"ADBE Vector Graphic - Fill","nm":"Fill 1","c":{"a":0,"k":[0.9098,0.9216,0.9294],"ix":4},"r":1,"o":{"a":0,"k":100,"ix":5}},{"ty":"tr","a":{"a":0,"k":[0,0],"ix":1},"s":{"a":0,"k":[100,100],"ix":3},"sk":{"a":0,"k":0,"ix":4},"p":{"a":0,"k":[0,0],"ix":2},"r":{"a":0,"k":0,"ix":6},"sa":{"a":0,"k":0,"ix":5},"o":{"a":0,"k":100,"ix":7}}]},{"ty":"tr","a":{"a":0,"k":[0,0],"ix":1},"s":{"a":0,"k":[100,100],"ix":3},"sk":{"a":0,"k":0,"ix":4},"p":{"a":0,"k":[0,0],"ix":2},"r":{"a":0,"k":0,"ix":6},"sa":{"a":0,"k":0,"ix":5},"o":{"a":0,"k":100,"ix":7}}]},{"ty":"gr","bm":0,"hd":false,"mn":"ADBE Vector Group","nm":"Group 3","ix":3,"cix":2,"np":1,"it":[{"ty":"gr","bm":0,"hd":false,"mn":"ADBE Vector Group","nm":"Group 1","ix":1,"cix":2,"np":3,"it":[{"ty":"sh","bm":0,"hd":false,"mn":"ADBE Vector Shape - Group","nm":"Path 1","ix":1,"d":1,"ks":{"a":0,"k":{"c":true,"i":[[0,0],[3.716,-4.182],[-0.579,-4.899],[0,0],[-9.95,0],[0,0],[-1.087,9.193],[0,0],[3.378,3.8],[5.828,0]],"o":[[-5.828,0],[-3.378,3.8],[0,0],[1.087,9.193],[0,0],[9.95,0],[0,0],[0.579,-4.899],[-3.717,-4.182],[0,0]],"v":[[-99.721,61.366],[-114.741,67.947],[-119.08,81.438],[-100.302,240.306],[-80.942,256.43],[140.893,256.43],[160.253,240.306],[179.031,81.438],[174.692,67.947],[159.672,61.366]]},"ix":2}},{"ty":"sh","bm":0,"hd":false,"mn":"ADBE Vector Shape - Group","nm":"Path 2","ix":2,"d":1,"ks":{"a":0,"k":{"c":true,"i":[[13.761,0],[0,0],[1.534,12.976],[0,0],[-4.825,5.428],[-7.976,0],[0,0],[-5.143,-5.787],[0.835,-7.063],[0,0]],"o":[[0,0],[-13.761,0],[0,0],[-0.835,-7.063],[5.142,-5.787],[0,0],[7.975,0],[4.825,5.428],[0,0],[-1.534,12.976]],"v":[[140.893,263.951],[-80.942,263.951],[-107.771,241.189],[-126.55,82.322],[-120.363,62.95],[-99.721,53.845],[159.672,53.845],[180.314,62.95],[186.501,82.322],[167.722,241.189]]},"ix":2}},{"ty":"fl","bm":0,"hd":false,"mn":"ADBE Vector Graphic - Fill","nm":"Fill 1","c":{"a":0,"k":[0.2157,0.102,0.2706],"ix":4},"r":1,"o":{"a":0,"k":100,"ix":5}},{"ty":"tr","a":{"a":0,"k":[0,0],"ix":1},"s":{"a":0,"k":[100,100],"ix":3},"sk":{"a":0,"k":0,"ix":4},"p":{"a":0,"k":[0,0],"ix":2},"r":{"a":0,"k":0,"ix":6},"sa":{"a":0,"k":0,"ix":5},"o":{"a":0,"k":100,"ix":7}}]},{"ty":"tr","a":{"a":0,"k":[0,0],"ix":1},"s":{"a":0,"k":[100,100],"ix":3},"sk":{"a":0,"k":0,"ix":4},"p":{"a":0,"k":[0,0],"ix":2},"r":{"a":0,"k":0,"ix":6},"sa":{"a":0,"k":0,"ix":5},"o":{"a":0,"k":100,"ix":7}}]},{"ty":"gr","bm":0,"hd":false,"mn":"ADBE Vector Group","nm":"Group 4","ix":4,"cix":2,"np":1,"it":[{"ty":"gr","bm":0,"hd":false,"mn":"ADBE Vector Group","nm":"Group 1","ix":1,"cix":2,"np":2,"it":[{"ty":"sh","bm":0,"hd":false,"mn":"ADBE Vector Shape - Group","nm":"Path 1","ix":1,"d":1,"ks":{"a":0,"k":{"c":true,"i":[[0.316,2.671],[0,0],[-3.114,3.632],[-5.873,0],[0,0],[-1.864,-0.551],[0.462,0.539],[5.872,0],[0,0],[3.648,-4.256],[-0.544,-4.599],[0,0],[-6.995,-2.072]],"o":[[0,0],[-0.544,-4.599],[3.648,-4.256],[0,0],[2.018,0],[-0.386,-0.576],[-3.648,-4.255],[0,0],[-5.873,0],[-3.114,3.632],[0,0],[0.835,7.063],[-1.438,-2.157]],"v":[[-93.391,243.866],[-112.169,84.997],[-108.184,72.234],[-93.203,65.537],[166.19,65.537],[172.034,66.397],[170.774,64.717],[155.794,58.022],[-103.599,58.022],[-118.58,64.719],[-122.565,77.482],[-103.787,236.35],[-90.676,251.16]]},"ix":2}},{"ty":"fl","bm":0,"hd":false,"mn":"ADBE Vector Graphic - Fill","nm":"Fill 1","c":{"a":0,"k":[0.6863,0.702,0.7176],"ix":4},"r":1,"o":{"a":0,"k":100,"ix":5}},{"ty":"tr","a":{"a":0,"k":[0,0],"ix":1},"s":{"a":0,"k":[100,100],"ix":3},"sk":{"a":0,"k":0,"ix":4},"p":{"a":0,"k":[0,0],"ix":2},"r":{"a":0,"k":0,"ix":6},"sa":{"a":0,"k":0,"ix":5},"o":{"a":0,"k":100,"ix":7}}]},{"ty":"tr","a":{"a":0,"k":[0,0],"ix":1},"s":{"a":0,"k":[100,100],"ix":3},"sk":{"a":0,"k":0,"ix":4},"p":{"a":0,"k":[0,0],"ix":2},"r":{"a":0,"k":0,"ix":6},"sa":{"a":0,"k":0,"ix":5},"o":{"a":0,"k":100,"ix":7}}]},{"ty":"gr","bm":2,"hd":false,"mn":"ADBE Vector Group","nm":"Group 5","ix":5,"cix":2,"np":1,"it":[{"ty":"gr","bm":0,"hd":false,"mn":"ADBE Vector Group","nm":"Group 1","ix":1,"cix":2,"np":2,"it":[{"ty":"sh","bm":0,"hd":false,"mn":"ADBE Vector Shape - Group","nm":"Path 1","ix":1,"d":1,"ks":{"a":0,"k":{"c":true,"i":[[-1.003,8.487],[0,0],[2.949,3.439],[5.357,0.185],[-0.003,0.011],[202.879,-5.59],[-8.665,0],[0,0]],"o":[[0,0],[0.514,-4.341],[-3.339,-3.895],[0.003,-0.012],[-7.677,26.38],[1.796,7.597],[0,0],[9.321,0]],"v":[[153.265,241.193],[172.045,82.325],[168.268,70.26],[154.629,63.9],[154.639,63.864],[-98.734,242.949],[-80.943,256.08],[135.155,256.08]]},"ix":2}},{"ty":"fl","bm":0,"hd":false,"mn":"ADBE Vector Graphic - Fill","nm":"Fill 1","c":{"a":0,"k":[0.1255,0.1529,0.1725],"ix":4},"r":1,"o":{"a":0,"k":100,"ix":5}},{"ty":"tr","a":{"a":0,"k":[0,0],"ix":1},"s":{"a":0,"k":[100,100],"ix":3},"sk":{"a":0,"k":0,"ix":4},"p":{"a":0,"k":[0,0],"ix":2},"r":{"a":0,"k":0,"ix":6},"sa":{"a":0,"k":0,"ix":5},"o":{"a":0,"k":100,"ix":7}}]},{"ty":"tr","a":{"a":0,"k":[0,0],"ix":1},"s":{"a":0,"k":[100,100],"ix":3},"sk":{"a":0,"k":0,"ix":4},"p":{"a":0,"k":[0,0],"ix":2},"r":{"a":0,"k":0,"ix":6},"sa":{"a":0,"k":0,"ix":5},"o":{"a":0,"k":100,"ix":7}}]},{"ty":"gr","bm":0,"hd":false,"mn":"ADBE Vector Group","nm":"Group 6","ix":6,"cix":2,"np":7,"it":[{"ty":"gr","bm":0,"hd":false,"mn":"ADBE Vector Group","nm":"Group 1","ix":1,"cix":2,"np":1,"it":[{"ty":"gr","bm":0,"hd":false,"mn":"ADBE Vector Group","nm":"Group 1","ix":1,"cix":2,"np":2,"it":[{"ty":"sh","bm":0,"hd":false,"mn":"ADBE Vector Shape - Group","nm":"Path 1","ix":1,"d":1,"ks":{"a":0,"k":{"c":true,"i":[[1.45,-1.478],[1.448,1.372],[-1.471,1.48],[-1.403,-1.382]],"o":[[-1.377,1.411],[-1.488,-1.41],[1.38,-1.396],[1.466,1.44]],"v":[[130.44,111.076],[125.286,111.15],[125.254,105.858],[130.411,105.827]]},"ix":2}},{"ty":"fl","bm":0,"hd":false,"mn":"ADBE Vector Graphic - Fill","nm":"Fill 1","c":{"a":0,"k":[0.2157,0.102,0.2706],"ix":4},"r":1,"o":{"a":0,"k":100,"ix":5}},{"ty":"tr","a":{"a":0,"k":[0,0],"ix":1},"s":{"a":0,"k":[100,100],"ix":3},"sk":{"a":0,"k":0,"ix":4},"p":{"a":0,"k":[0,0],"ix":2},"r":{"a":0,"k":0,"ix":6},"sa":{"a":0,"k":0,"ix":5},"o":{"a":0,"k":100,"ix":7}}]},{"ty":"tr","a":{"a":0,"k":[0,0],"ix":1},"s":{"a":0,"k":[100,100],"ix":3},"sk":{"a":0,"k":0,"ix":4},"p":{"a":0,"k":[0,0],"ix":2},"r":{"a":0,"k":0,"ix":6},"sa":{"a":0,"k":0,"ix":5},"o":{"a":0,"k":100,"ix":7}}]},{"ty":"gr","bm":0,"hd":false,"mn":"ADBE Vector Group","nm":"Group 2","ix":2,"cix":2,"it":[{"ty":"tr","a":{"a":0,"k":[0,0],"ix":1},"s":{"a":0,"k":[100,100],"ix":3},"sk":{"a":0,"k":0,"ix":4},"p":{"a":0,"k":[0,0],"ix":2},"r":{"a":0,"k":0,"ix":6},"sa":{"a":0,"k":0,"ix":5},"o":{"a":0,"k":100,"ix":7}}]},{"ty":"gr","bm":0,"hd":false,"mn":"ADBE Vector Group","nm":"Group 3","ix":3,"cix":2,"np":1,"it":[{"ty":"gr","bm":0,"hd":false,"mn":"ADBE Vector Group","nm":"Group 1","ix":1,"cix":2,"np":2,"it":[{"ty":"sh","bm":0,"hd":false,"mn":"ADBE Vector Shape - Group","nm":"Path 1","ix":1,"d":1,"ks":{"a":0,"k":{"c":true,"i":[[1.541,-2.048],[2.6,-1.908],[0.671,3.297],[-3.951,2.267],[0.188,-1.252]],"o":[[-1.911,2.522],[-0.693,-3.437],[4.015,-2.3],[0.335,1.134],[-0.397,2.562]],"v":[[124.115,140.824],[117.244,147.277],[115.198,137.179],[127.088,130.366],[127.217,134.003]]},"ix":2}},{"ty":"fl","bm":0,"hd":false,"mn":"ADBE Vector Graphic - Fill","nm":"Fill 1","c":{"a":0,"k":[0,0,0],"ix":4},"r":1,"o":{"a":0,"k":100,"ix":5}},{"ty":"tr","a":{"a":0,"k":[0,0],"ix":1},"s":{"a":0,"k":[100,100],"ix":3},"sk":{"a":0,"k":0,"ix":4},"p":{"a":0,"k":[0,0],"ix":2},"r":{"a":0,"k":0,"ix":6},"sa":{"a":0,"k":0,"ix":5},"o":{"a":0,"k":100,"ix":7}}]},{"ty":"tr","a":{"a":0,"k":[0,0],"ix":1},"s":{"a":0,"k":[100,100],"ix":3},"sk":{"a":0,"k":0,"ix":4},"p":{"a":0,"k":[0,0],"ix":2},"r":{"a":0,"k":0,"ix":6},"sa":{"a":0,"k":0,"ix":5},"o":{"a":0,"k":100,"ix":7}}]},{"ty":"gr","bm":0,"hd":false,"mn":"ADBE Vector Group","nm":"Group 4","ix":4,"cix":2,"np":1,"it":[{"ty":"gr","bm":0,"hd":false,"mn":"ADBE Vector Group","nm":"Group 1","ix":1,"cix":2,"np":2,"it":[{"ty":"sh","bm":0,"hd":false,"mn":"ADBE Vector Shape - Group","nm":"Path 1","ix":1,"d":1,"ks":{"a":0,"k":{"c":true,"i":[[-1.485,-0.358],[2.147,-4.086],[3.369,0.56],[-4.537,2.01]],"o":[[-2.108,4.011],[-3.171,-0.533],[2.791,-4.034],[1.957,-0.873]],"v":[[105.87,110.207],[99.505,122.322],[89.685,120.684],[100.059,111.029]]},"ix":2}},{"ty":"fl","bm":0,"hd":false,"mn":"ADBE Vector Graphic - Fill","nm":"Fill 1","c":{"a":0,"k":[0,0,0],"ix":4},"r":1,"o":{"a":0,"k":100,"ix":5}},{"ty":"tr","a":{"a":0,"k":[0,0],"ix":1},"s":{"a":0,"k":[100,100],"ix":3},"sk":{"a":0,"k":0,"ix":4},"p":{"a":0,"k":[0,0],"ix":2},"r":{"a":0,"k":0,"ix":6},"sa":{"a":0,"k":0,"ix":5},"o":{"a":0,"k":100,"ix":7}}]},{"ty":"tr","a":{"a":0,"k":[0,0],"ix":1},"s":{"a":0,"k":[100,100],"ix":3},"sk":{"a":0,"k":0,"ix":4},"p":{"a":0,"k":[0,0],"ix":2},"r":{"a":0,"k":0,"ix":6},"sa":{"a":0,"k":0,"ix":5},"o":{"a":0,"k":100,"ix":7}}]},{"ty":"gr","bm":0,"hd":false,"mn":"ADBE Vector Group","nm":"Group 5","ix":5,"cix":2,"np":1,"it":[{"ty":"gr","bm":0,"hd":false,"mn":"ADBE Vector Group","nm":"Group 1","ix":1,"cix":2,"np":2,"it":[{"ty":"sh","bm":0,"hd":false,"mn":"ADBE Vector Shape - Group","nm":"Path 1","ix":1,"d":1,"ks":{"a":0,"k":{"c":true,"i":[[0.26,-2.808],[2.719,2.63],[0.002,0.078],[-2.73,0.084]],"o":[[-2.782,-2.688],[-0.004,-0.071],[2.693,-0.079],[0.384,2.888]],"v":[[140.218,103.963],[132.003,96.024],[132.002,95.798],[140.125,95.559]]},"ix":2}},{"ty":"fl","bm":0,"hd":false,"mn":"ADBE Vector Graphic - Fill","nm":"Fill 1","c":{"a":0,"k":[0,0,0],"ix":4},"r":1,"o":{"a":0,"k":100,"ix":5}},{"ty":"tr","a":{"a":0,"k":[0,0],"ix":1},"s":{"a":0,"k":[100,100],"ix":3},"sk":{"a":0,"k":0,"ix":4},"p":{"a":0,"k":[0,0],"ix":2},"r":{"a":0,"k":0,"ix":6},"sa":{"a":0,"k":0,"ix":5},"o":{"a":0,"k":100,"ix":7}}]},{"ty":"tr","a":{"a":0,"k":[0,0],"ix":1},"s":{"a":0,"k":[100,100],"ix":3},"sk":{"a":0,"k":0,"ix":4},"p":{"a":0,"k":[0,0],"ix":2},"r":{"a":0,"k":0,"ix":6},"sa":{"a":0,"k":0,"ix":5},"o":{"a":0,"k":100,"ix":7}}]},{"ty":"gr","bm":0,"hd":false,"mn":"ADBE Vector Group","nm":"Group 6","ix":6,"cix":2,"np":1,"it":[{"ty":"gr","bm":0,"hd":false,"mn":"ADBE Vector Group","nm":"Group 1","ix":1,"cix":2,"np":3,"it":[{"ty":"sh","bm":0,"hd":false,"mn":"ADBE Vector Shape - Group","nm":"Path 1","ix":1,"d":1,"ks":{"a":0,"k":{"c":true,"i":[[2.644,-2.706],[2.761,2.679],[-2.686,2.802],[-2.781,-2.672]],"o":[[-2.72,2.775],[-2.775,-2.672],[2.638,-2.747],[2.754,2.658]],"v":[[132.894,113.316],[122.988,113.501],[122.83,103.602],[132.682,103.465]]},"ix":2}},{"ty":"sh","bm":0,"hd":false,"mn":"ADBE Vector Shape - Group","nm":"Path 2","ix":2,"d":1,"ks":{"a":0,"k":{"c":true,"i":[[0.254,0.24],[0.836,0.802],[2.809,2.686],[0.206,-0.062],[2.042,-1.172],[2.206,-2.884],[1.733,-3.446],[1.658,-3.515],[-0.117,-0.13],[-0.767,-0.74],[-1.589,1.644],[-2.137,2.206],[-0.843,-0.5],[1.028,-1.055],[3.549,-3.686],[0.158,-0.171],[-0.041,-0.034],[-0.596,-0.623],[-0.329,0.151],[-5.871,4.59],[-1.699,2.172],[-0.884,3.446]],"o":[[-0.856,-0.788],[-2.788,-2.699],[-0.178,-0.171],[-2.275,0.596],[-3.186,1.822],[-2.357,3.055],[-1.754,3.473],[-0.103,0.199],[0.678,0.719],[1.651,-1.713],[2.131,-2.213],[0.767,-0.781],[1.206,0.712],[-3.549,3.693],[-0.171,0.178],[0.069,0.116],[0.623,0.61],[0.274,0.281],[6.714,-3.172],[2.165,-1.692],[2.199,-2.829],[0.089,-0.349]],"v":[[139.238,107.61],[136.717,105.198],[128.338,97.121],[127.619,96.847],[121.152,99.525],[113.294,106.856],[107.135,116.612],[102.085,127.128],[102.058,127.834],[104.237,129.964],[109.053,124.97],[115.452,118.345],[118.048,117.907],[118.404,121.195],[107.737,132.253],[107.237,132.773],[107.368,132.986],[109.238,134.808],[110.053,134.924],[129.14,123.627],[135.025,117.92],[139.464,108.425]]},"ix":2}},{"ty":"fl","bm":0,"hd":false,"mn":"ADBE Vector Graphic - Fill","nm":"Fill 1","c":{"a":0,"k":[1,1,1],"ix":4},"r":1,"o":{"a":0,"k":100,"ix":5}},{"ty":"tr","a":{"a":0,"k":[0,0],"ix":1},"s":{"a":0,"k":[100,100],"ix":3},"sk":{"a":0,"k":0,"ix":4},"p":{"a":0,"k":[0,0],"ix":2},"r":{"a":0,"k":0,"ix":6},"sa":{"a":0,"k":0,"ix":5},"o":{"a":0,"k":100,"ix":7}}]},{"ty":"tr","a":{"a":0,"k":[0,0],"ix":1},"s":{"a":0,"k":[100,100],"ix":3},"sk":{"a":0,"k":0,"ix":4},"p":{"a":0,"k":[0,0],"ix":2},"r":{"a":0,"k":0,"ix":6},"sa":{"a":0,"k":0,"ix":5},"o":{"a":0,"k":100,"ix":7}}]},{"ty":"gr","bm":0,"hd":false,"mn":"ADBE Vector Group","nm":"Group 7","ix":7,"cix":2,"it":[{"ty":"tr","a":{"a":0,"k":[0,0],"ix":1},"s":{"a":0,"k":[100,100],"ix":3},"sk":{"a":0,"k":0,"ix":4},"p":{"a":0,"k":[0,0],"ix":2},"r":{"a":0,"k":0,"ix":6},"sa":{"a":0,"k":0,"ix":5},"o":{"a":0,"k":100,"ix":7}}]},{"ty":"tr","a":{"a":0,"k":[0,0],"ix":1},"s":{"a":0,"k":[100,100],"ix":3},"sk":{"a":0,"k":0,"ix":4},"p":{"a":0,"k":[0,0],"ix":2},"r":{"a":0,"k":0,"ix":6},"sa":{"a":0,"k":0,"ix":5},"o":{"a":0,"k":100,"ix":7}}]},{"ty":"gr","bm":0,"hd":false,"mn":"ADBE Vector Group","nm":"Group 7","ix":7,"cix":2,"np":1,"it":[{"ty":"gr","bm":0,"hd":false,"mn":"ADBE Vector Group","nm":"Group 1","ix":1,"cix":2,"np":2,"it":[{"ty":"sh","bm":0,"hd":false,"mn":"ADBE Vector Shape - Group","nm":"Path 1","ix":1,"d":1,"ks":{"a":0,"k":{"c":true,"i":[[-6.616,2.684],[-0.044,0.018],[0.774,-1.262],[4.276,-1.708],[4.828,9.218],[-10.813,4.729],[-4.055,-0.873],[1.254,-0.546],[0,0],[-3.895,-7.326]],"o":[[0.044,-0.018],[1.366,-0.57],[-2.222,3.622],[-9.663,3.86],[-5.57,-10.634],[4.089,-1.789],[1.337,0.288],[0,0],[-7.463,3.264],[3.352,6.304]],"v":[[45.476,176.165],[45.608,176.111],[47.472,178.289],[37.605,186.589],[11.895,177.098],[21.813,148.791],[34.314,147.529],[34.591,150.189],[34.548,150.208],[27.773,169.749]]},"ix":2}},{"ty":"fl","bm":0,"hd":false,"mn":"ADBE Vector Graphic - Fill","nm":"Fill 1","c":{"a":0,"k":[1,1,1],"ix":4},"r":1,"o":{"a":0,"k":100,"ix":5}},{"ty":"tr","a":{"a":0,"k":[0,0],"ix":1},"s":{"a":0,"k":[100,100],"ix":3},"sk":{"a":0,"k":0,"ix":4},"p":{"a":0,"k":[0,0],"ix":2},"r":{"a":0,"k":0,"ix":6},"sa":{"a":0,"k":0,"ix":5},"o":{"a":0,"k":100,"ix":7}}]},{"ty":"tr","a":{"a":0,"k":[0,0],"ix":1},"s":{"a":0,"k":[100,100],"ix":3},"sk":{"a":0,"k":0,"ix":4},"p":{"a":0,"k":[0,0],"ix":2},"r":{"a":0,"k":0,"ix":6},"sa":{"a":0,"k":0,"ix":5},"o":{"a":0,"k":100,"ix":7}}]},{"ty":"gr","bm":0,"hd":false,"mn":"ADBE Vector Group","nm":"Group 8","ix":8,"cix":2,"np":1,"it":[{"ty":"gr","bm":0,"hd":false,"mn":"ADBE Vector Group","nm":"Group 1","ix":1,"cix":2,"np":2,"it":[{"ty":"sh","bm":0,"hd":false,"mn":"ADBE Vector Shape - Group","nm":"Path 1","ix":1,"d":1,"ks":{"a":0,"k":{"c":true,"i":[[11.839,0],[0,0],[1.308,11.069],[0,0],[-13.85,0],[0,0],[1.531,-12.949],[0,0]],"o":[[0,0],[-11.839,0],[0,0],[-1.531,-12.949],[0,0],[13.85,0],[0,0],[-1.308,11.069]],"v":[[141.893,260.191],[-79.942,260.191],[-103.037,240.748],[-121.815,81.88],[-98.721,57.606],[160.672,57.606],[183.766,81.88],[164.987,240.748]]},"ix":2}},{"ty":"fl","bm":0,"hd":false,"mn":"ADBE Vector Graphic - Fill","nm":"Fill 1","c":{"a":0,"k":[0.9098,0.9216,0.9294],"ix":4},"r":1,"o":{"a":0,"k":100,"ix":5}},{"ty":"tr","a":{"a":0,"k":[0,0],"ix":1},"s":{"a":0,"k":[100,100],"ix":3},"sk":{"a":0,"k":0,"ix":4},"p":{"a":0,"k":[0,0],"ix":2},"r":{"a":0,"k":0,"ix":6},"sa":{"a":0,"k":0,"ix":5},"o":{"a":0,"k":100,"ix":7}}]},{"ty":"tr","a":{"a":0,"k":[0,0],"ix":1},"s":{"a":0,"k":[100,100],"ix":3},"sk":{"a":0,"k":0,"ix":4},"p":{"a":0,"k":[0,0],"ix":2},"r":{"a":0,"k":0,"ix":6},"sa":{"a":0,"k":0,"ix":5},"o":{"a":0,"k":100,"ix":7}}]},{"ty":"gr","bm":0,"hd":false,"mn":"ADBE Vector Group","nm":"Group 9","ix":9,"cix":2,"np":1,"it":[{"ty":"gr","bm":0,"hd":false,"mn":"ADBE Vector Group","nm":"Group 1","ix":1,"cix":2,"np":2,"it":[{"ty":"sh","bm":0,"hd":false,"mn":"ADBE Vector Shape - Group","nm":"Path 1","ix":1,"d":1,"ks":{"a":0,"k":{"c":true,"i":[[-1.993,0],[0,0],[-0.205,1.112],[0,0],[-6.623,-1.87],[1.242,2.91]],"o":[[0,0],[0.386,-1.033],[0,0],[1.296,7.041],[-2.416,-1.916],[-0.804,-1.883]],"v":[[-116.202,244.134],[185.082,244.134],[185.976,240.913],[-126.199,240.913],[-113.156,255.483],[-118.756,248.135]]},"ix":2}},{"ty":"fl","bm":0,"hd":false,"mn":"ADBE Vector Graphic - Fill","nm":"Fill 1","c":{"a":0,"k":[1,1,1],"ix":4},"r":1,"o":{"a":0,"k":100,"ix":5}},{"ty":"tr","a":{"a":0,"k":[0,0],"ix":1},"s":{"a":0,"k":[100,100],"ix":3},"sk":{"a":0,"k":0,"ix":4},"p":{"a":0,"k":[0,0],"ix":2},"r":{"a":0,"k":0,"ix":6},"sa":{"a":0,"k":0,"ix":5},"o":{"a":0,"k":100,"ix":7}}]},{"ty":"tr","a":{"a":0,"k":[0,0],"ix":1},"s":{"a":0,"k":[100,100],"ix":3},"sk":{"a":0,"k":0,"ix":4},"p":{"a":0,"k":[0,0],"ix":2},"r":{"a":0,"k":0,"ix":6},"sa":{"a":0,"k":0,"ix":5},"o":{"a":0,"k":100,"ix":7}}]},{"ty":"gr","bm":0,"hd":false,"mn":"ADBE Vector Group","nm":"Group 10","ix":10,"cix":2,"np":1,"it":[{"ty":"gr","bm":0,"hd":false,"mn":"ADBE Vector Group","nm":"Group 1","ix":1,"cix":2,"np":3,"it":[{"ty":"sh","bm":0,"hd":false,"mn":"ADBE Vector Shape - Group","nm":"Path 1","ix":1,"d":1,"ks":{"a":0,"k":{"c":true,"i":[[0,0],[-9.539,0],[0,0],[-1.272,9.195]],"o":[[1.272,9.195],[0,0],[9.539,0],[0,0]],"v":[[-126.735,240.379],[-108.012,256.678],[167.79,256.678],[186.513,240.379]]},"ix":2}},{"ty":"sh","bm":0,"hd":false,"mn":"ADBE Vector Shape - Group","nm":"Path 2","ix":2,"d":1,"ks":{"a":0,"k":{"c":true,"i":[[14.57,0],[0,0],[0,14.57],[0,0],[0,0],[0,0]],"o":[[0,0],[-14.57,0],[0,0],[0,0],[0,0],[0,14.57]],"v":[[167.79,264.199],[-108.012,264.199],[-134.436,237.775],[-134.436,232.858],[194.213,232.858],[194.213,237.775]]},"ix":2}},{"ty":"fl","bm":0,"hd":false,"mn":"ADBE Vector Graphic - Fill","nm":"Fill 1","c":{"a":0,"k":[0.2157,0.102,0.2706],"ix":4},"r":1,"o":{"a":0,"k":100,"ix":5}},{"ty":"tr","a":{"a":0,"k":[0,0],"ix":1},"s":{"a":0,"k":[100,100],"ix":3},"sk":{"a":0,"k":0,"ix":4},"p":{"a":0,"k":[0,0],"ix":2},"r":{"a":0,"k":0,"ix":6},"sa":{"a":0,"k":0,"ix":5},"o":{"a":0,"k":100,"ix":7}}]},{"ty":"tr","a":{"a":0,"k":[0,0],"ix":1},"s":{"a":0,"k":[100,100],"ix":3},"sk":{"a":0,"k":0,"ix":4},"p":{"a":0,"k":[0,0],"ix":2},"r":{"a":0,"k":0,"ix":6},"sa":{"a":0,"k":0,"ix":5},"o":{"a":0,"k":100,"ix":7}}]},{"ty":"gr","bm":0,"hd":false,"mn":"ADBE Vector Group","nm":"Group 11","ix":11,"cix":2,"np":1,"it":[{"ty":"gr","bm":0,"hd":false,"mn":"ADBE Vector Group","nm":"Group 1","ix":1,"cix":2,"np":2,"it":[{"ty":"sh","bm":0,"hd":false,"mn":"ADBE Vector Shape - Group","nm":"Path 1","ix":1,"d":1,"ks":{"a":0,"k":{"c":true,"i":[[0,0],[0,0],[12.514,0],[0,0],[0,12.514],[0,0],[0,0],[-10.192,0],[0,0],[-2.849,9.252]],"o":[[0,0],[0,12.514],[0,0],[-12.524,0],[0,0],[0,0],[2.849,9.252],[0,0],[10.183,0],[0,0]],"v":[[190.456,236.617],[190.456,237.774],[167.788,260.442],[-108.008,260.442],[-130.677,237.774],[-130.677,236.617],[-129.671,236.617],[-108.008,252.601],[167.788,252.601],[189.45,236.617]]},"ix":2}},{"ty":"fl","bm":0,"hd":false,"mn":"ADBE Vector Graphic - Fill","nm":"Fill 1","c":{"a":0,"k":[0.851,0.8784,0.902],"ix":4},"r":1,"o":{"a":0,"k":100,"ix":5}},{"ty":"tr","a":{"a":0,"k":[0,0],"ix":1},"s":{"a":0,"k":[100,100],"ix":3},"sk":{"a":0,"k":0,"ix":4},"p":{"a":0,"k":[0,0],"ix":2},"r":{"a":0,"k":0,"ix":6},"sa":{"a":0,"k":0,"ix":5},"o":{"a":0,"k":100,"ix":7}}]},{"ty":"tr","a":{"a":0,"k":[0,0],"ix":1},"s":{"a":0,"k":[100,100],"ix":3},"sk":{"a":0,"k":0,"ix":4},"p":{"a":0,"k":[0,0],"ix":2},"r":{"a":0,"k":0,"ix":6},"sa":{"a":0,"k":0,"ix":5},"o":{"a":0,"k":100,"ix":7}}]},{"ty":"gr","bm":0,"hd":false,"mn":"ADBE Vector Group","nm":"Group 12","ix":12,"cix":2,"np":1,"it":[{"ty":"gr","bm":0,"hd":false,"mn":"ADBE Vector Group","nm":"Group 1","ix":1,"cix":2,"np":2,"it":[{"ty":"sh","bm":0,"hd":false,"mn":"ADBE Vector Shape - Group","nm":"Path 1","ix":1,"d":1,"ks":{"a":0,"k":{"c":true,"i":[[12.517,0],[0,0],[0,12.517],[0,0],[0,0],[0,0]],"o":[[0,0],[-12.517,0],[0,0],[0,0],[0,0],[0,12.517]],"v":[[167.79,260.438],[-108.012,260.438],[-130.676,237.775],[-130.676,236.618],[190.453,236.618],[190.453,237.775]]},"ix":2}},{"ty":"fl","bm":0,"hd":false,"mn":"ADBE Vector Graphic - Fill","nm":"Fill 1","c":{"a":0,"k":[0.2157,0.102,0.2706],"ix":4},"r":1,"o":{"a":0,"k":100,"ix":5}},{"ty":"tr","a":{"a":0,"k":[0,0],"ix":1},"s":{"a":0,"k":[100,100],"ix":3},"sk":{"a":0,"k":0,"ix":4},"p":{"a":0,"k":[0,0],"ix":2},"r":{"a":0,"k":0,"ix":6},"sa":{"a":0,"k":0,"ix":5},"o":{"a":0,"k":100,"ix":7}}]},{"ty":"tr","a":{"a":0,"k":[0,0],"ix":1},"s":{"a":0,"k":[100,100],"ix":3},"sk":{"a":0,"k":0,"ix":4},"p":{"a":0,"k":[0,0],"ix":2},"r":{"a":0,"k":0,"ix":6},"sa":{"a":0,"k":0,"ix":5},"o":{"a":0,"k":100,"ix":7}}]}],"ind":1,"parent":6},{"ty":4,"nm":"Layer 9","sr":1,"st":0,"op":301,"ip":0,"hd":false,"ddd":0,"bm":0,"hasMask":false,"ao":0,"ks":{"a":{"a":0,"k":[217.32,226.624,0],"ix":1},"s":{"a":0,"k":[54,54,100],"ix":6},"sk":{"a":0,"k":0},"p":{"a":0,"k":[367.816,393.091,0],"ix":2},"r":{"a":1,"k":[{"o":{"x":0.333,"y":0},"i":{"x":0.667,"y":1},"s":[0],"t":2},{"o":{"x":0.333,"y":0},"i":{"x":0.667,"y":1},"s":[23],"t":28.838},{"o":{"x":0.333,"y":0},"i":{"x":0.667,"y":1},"s":[0],"t":56.6},{"o":{"x":0.333,"y":0},"i":{"x":0.667,"y":1},"s":[23],"t":83.438},{"o":{"x":0.333,"y":0},"i":{"x":0.667,"y":1},"s":[0],"t":111.199},{"o":{"x":0.333,"y":0},"i":{"x":0.667,"y":1},"s":[23],"t":138.037},{"o":{"x":0.333,"y":0},"i":{"x":0.667,"y":1},"s":[0],"t":165.801},{"o":{"x":0.333,"y":0},"i":{"x":0.667,"y":1},"s":[23],"t":192.637},{"o":{"x":0.333,"y":0},"i":{"x":0.667,"y":1},"s":[0],"t":220.4},{"o":{"x":0.333,"y":0},"i":{"x":0.667,"y":1},"s":[23],"t":247.236},{"s":[0],"t":275}],"ix":10},"sa":{"a":0,"k":0},"o":{"a":0,"k":100,"ix":11}},"ef":[],"shapes":[{"ty":"gr","bm":0,"hd":false,"mn":"ADBE Vector Group","nm":"Group 1","ix":1,"cix":2,"np":1,"it":[{"ty":"gr","bm":0,"hd":false,"mn":"ADBE Vector Group","nm":"Group 1","ix":1,"cix":2,"np":2,"it":[{"ty":"sh","bm":0,"hd":false,"mn":"ADBE Vector Shape - Group","nm":"Path 1","ix":1,"d":1,"ks":{"a":0,"k":{"c":true,"i":[[0,0],[2.797,4.448],[1.489,2.145],[1.617,2.041],[9.496,3.658],[5.098,0.345],[0,0],[0,0],[2.596,-0.313],[4.756,-1.765],[3.44,-3.342],[1.027,-4.673],[-1.09,-4.935],[-0.324,-1.229],[0,0],[0,0],[-0.042,-0.1],[-0.067,-0.181],[-1.969,-1.317],[-4.956,-1.336],[-10.027,2.121],[-4.193,2.773],[-0.544,0.307],[-0.542,0.312],[-0.533,0.33],[-0.544,0.327],[-1.215,0.591],[-1.47,0.499],[0,0],[-0.246,-0.724],[0.063,-0.251],[2.051,-2.145],[1.212,-0.858],[1.293,-0.722],[1.327,-0.634],[1.382,-0.473],[1.409,-0.363],[1.419,-0.303],[11.139,2.853],[5.103,3.412],[1.891,3.253],[0,0],[0.057,0.176],[0,0],[0,0],[0.276,1.446],[-1.331,6.008],[-4.435,4.24],[-5.481,2],[-5.648,0.65],[-2.821,0.112],[-1.409,0.023],[0,0],[-5.444,-2.103],[-4.632,-3.455],[-3.832,-4.239],[-2.6,-5.055],[-0.089,-5.981],[0.725,-0.011],[0.245,0.29]],"o":[[-3.6,-4.302],[-1.416,-2.213],[-1.458,-2.169],[-6.526,-8.118],[-4.748,-1.836],[0,0],[0,0],[-2.635,0.105],[-5.194,0.595],[-4.761,1.731],[-3.461,3.324],[-1.034,4.671],[0.232,1.239],[0,0],[0,0],[0.048,0.149],[0.083,0.172],[0.86,1.5],[3.989,2.691],[9.991,2.57],[4.992,-1.076],[0.528,-0.336],[0.548,-0.302],[0.518,-0.345],[0.514,-0.355],[1.121,-0.617],[1.198,-0.612],[0,0],[0.724,-0.246],[0.089,0.263],[-0.76,3.022],[-1.031,1.071],[-1.157,0.943],[-1.285,0.74],[-1.377,0.511],[-1.381,0.475],[-1.395,0.426],[-11.37,2.384],[-5.561,-1.517],[-2.518,-1.742],[0,0],[-0.089,-0.215],[0,0],[0,0],[-0.377,-1.408],[-1.254,-5.713],[1.3,-6.002],[4.409,-4.283],[5.496,-2.034],[2.827,-0.339],[1.41,-0.045],[0,0],[5.801,0.391],[5.451,2.085],[4.648,3.451],[3.792,4.274],[2.651,5.013],[0.011,0.725],[-0.409,0.006],[0,0]],"v":[[217.56,227.379],[208.394,214.139],[204.053,207.593],[199.43,201.285],[174.938,183.088],[160.072,179.827],[156.232,179.688],[152.266,179.751],[144.404,180.323],[129.338,183.725],[116.756,191.307],[109.915,203.543],[110.136,218.185],[111.061,221.878],[111.641,223.709],[111.785,224.167],[111.917,224.456],[112.142,224.983],[116.696,229.409],[130.541,235.298],[161.267,236.222],[175.356,230.713],[176.957,229.741],[178.537,228.743],[180.143,227.769],[181.723,226.74],[185.081,224.788],[188.894,222.975],[189.036,222.926],[190.792,223.792],[190.824,224.575],[186.403,232.354],[183.066,235.299],[179.321,237.693],[175.322,239.594],[171.219,241.175],[167.058,242.524],[162.831,243.58],[128.624,242.571],[112.476,235.635],[105.541,228.589],[104.932,227.246],[104.665,226.592],[104.5,226.073],[103.844,223.999],[102.778,219.749],[102.578,201.887],[111.496,185.929],[126.733,176.669],[143.547,172.851],[152.021,172.233],[156.247,172.166],[160.594,172.323],[177.617,176.06],[192.808,184.495],[205.364,196.265],[215.156,210.227],[219.939,226.59],[218.647,227.922],[217.624,227.457]]},"ix":2}},{"ty":"fl","bm":0,"hd":false,"mn":"ADBE Vector Graphic - Fill","nm":"Fill 1","c":{"a":0,"k":[0.2157,0.102,0.2706],"ix":4},"r":1,"o":{"a":0,"k":100,"ix":5}},{"ty":"tr","a":{"a":0,"k":[0,0],"ix":1},"s":{"a":0,"k":[100,100],"ix":3},"sk":{"a":0,"k":0,"ix":4},"p":{"a":0,"k":[0,0],"ix":2},"r":{"a":0,"k":0,"ix":6},"sa":{"a":0,"k":0,"ix":5},"o":{"a":0,"k":100,"ix":7}}]},{"ty":"tr","a":{"a":0,"k":[0,0],"ix":1},"s":{"a":0,"k":[100,100],"ix":3},"sk":{"a":0,"k":0,"ix":4},"p":{"a":0,"k":[0,0],"ix":2},"r":{"a":0,"k":0,"ix":6},"sa":{"a":0,"k":0,"ix":5},"o":{"a":0,"k":100,"ix":7}}]},{"ty":"gr","bm":0,"hd":false,"mn":"ADBE Vector Group","nm":"Group 2","ix":2,"cix":2,"np":1,"it":[{"ty":"gr","bm":0,"hd":false,"mn":"ADBE Vector Group","nm":"Group 1","ix":1,"cix":2,"np":2,"it":[{"ty":"sh","bm":0,"hd":false,"mn":"ADBE Vector Shape - Group","nm":"Path 1","ix":1,"d":1,"ks":{"a":0,"k":{"c":true,"i":[[0,0],[4.899,14.301],[-1.392,6.6],[-0.94,-2.736],[-26.446,17.239],[0,-5.165]],"o":[[-24.455,29.495],[-2.793,-8.17],[0.47,2.586],[4.301,12.557],[4.327,-2.821],[0,0]],"v":[[189.857,223.778],[108.246,225.461],[106.14,203.149],[108.246,211.141],[179.806,218.407],[189.857,223.778]]},"ix":2}},{"ty":"fl","bm":0,"hd":false,"mn":"ADBE Vector Graphic - Fill","nm":"Fill 1","c":{"a":0,"k":[0.851,0.8784,0.902],"ix":4},"r":1,"o":{"a":0,"k":100,"ix":5}},{"ty":"tr","a":{"a":0,"k":[0,0],"ix":1},"s":{"a":0,"k":[100,100],"ix":3},"sk":{"a":0,"k":0,"ix":4},"p":{"a":0,"k":[0,0],"ix":2},"r":{"a":0,"k":0,"ix":6},"sa":{"a":0,"k":0,"ix":5},"o":{"a":0,"k":100,"ix":7}}]},{"ty":"tr","a":{"a":0,"k":[0,0],"ix":1},"s":{"a":0,"k":[100,100],"ix":3},"sk":{"a":0,"k":0,"ix":4},"p":{"a":0,"k":[0,0],"ix":2},"r":{"a":0,"k":0,"ix":6},"sa":{"a":0,"k":0,"ix":5},"o":{"a":0,"k":100,"ix":7}}]},{"ty":"gr","bm":0,"hd":false,"mn":"ADBE Vector Group","nm":"Group 3","ix":3,"cix":2,"np":1,"it":[{"ty":"gr","bm":0,"hd":false,"mn":"ADBE Vector Group","nm":"Group 1","ix":1,"cix":2,"np":2,"it":[{"ty":"sh","bm":0,"hd":false,"mn":"ADBE Vector Shape - Group","nm":"Path 1","ix":1,"d":1,"ks":{"a":0,"k":{"c":true,"i":[[0,0],[45.471,0.146],[-9.829,-28.737],[-24.457,29.502]],"o":[[0,0],[-41.955,-0.134],[4.892,14.302],[0,0]],"v":[[218.75,226.985],[156.395,175.925],[108.249,225.456],[189.859,223.775]]},"ix":2}},{"ty":"fl","bm":0,"hd":false,"mn":"ADBE Vector Graphic - Fill","nm":"Fill 1","c":{"a":0,"k":[1,1,1],"ix":4},"r":1,"o":{"a":0,"k":100,"ix":5}},{"ty":"tr","a":{"a":0,"k":[0,0],"ix":1},"s":{"a":0,"k":[100,100],"ix":3},"sk":{"a":0,"k":0,"ix":4},"p":{"a":0,"k":[0,0],"ix":2},"r":{"a":0,"k":0,"ix":6},"sa":{"a":0,"k":0,"ix":5},"o":{"a":0,"k":100,"ix":7}}]},{"ty":"tr","a":{"a":0,"k":[0,0],"ix":1},"s":{"a":0,"k":[100,100],"ix":3},"sk":{"a":0,"k":0,"ix":4},"p":{"a":0,"k":[0,0],"ix":2},"r":{"a":0,"k":0,"ix":6},"sa":{"a":0,"k":0,"ix":5},"o":{"a":0,"k":100,"ix":7}}]}],"ind":2},{"ty":4,"nm":"Layer 8","sr":1,"st":0,"op":301,"ip":0,"hd":false,"ddd":0,"bm":0,"hasMask":false,"ao":0,"ks":{"a":{"a":0,"k":[-163.9,225.624,0],"ix":1},"s":{"a":0,"k":[54,54,100],"ix":6},"sk":{"a":0,"k":0},"p":{"a":0,"k":[161.958,392.551,0],"ix":2},"r":{"a":1,"k":[{"o":{"x":0.333,"y":0},"i":{"x":0.667,"y":1},"s":[0],"t":23},{"o":{"x":0.333,"y":0},"i":{"x":0.667,"y":1},"s":[-30],"t":49.738},{"o":{"x":0.333,"y":0},"i":{"x":0.667,"y":1},"s":[0],"t":77.4},{"o":{"x":0.333,"y":0},"i":{"x":0.667,"y":1},"s":[-30],"t":104.139},{"o":{"x":0.333,"y":0},"i":{"x":0.667,"y":1},"s":[0],"t":131.801},{"o":{"x":0.333,"y":0},"i":{"x":0.667,"y":1},"s":[-30],"t":158.539},{"o":{"x":0.333,"y":0},"i":{"x":0.667,"y":1},"s":[0],"t":186.199},{"o":{"x":0.333,"y":0},"i":{"x":0.667,"y":1},"s":[-30],"t":212.938},{"o":{"x":0.333,"y":0},"i":{"x":0.667,"y":1},"s":[0],"t":240.6},{"o":{"x":0.333,"y":0},"i":{"x":0.667,"y":1},"s":[-30],"t":267.338},{"s":[0],"t":295}],"ix":10},"sa":{"a":0,"k":0},"o":{"a":0,"k":100,"ix":11}},"ef":[],"shapes":[{"ty":"gr","bm":0,"hd":false,"mn":"ADBE Vector Group","nm":"Group 1","ix":1,"cix":2,"np":1,"it":[{"ty":"gr","bm":0,"hd":false,"mn":"ADBE Vector Group","nm":"Group 1","ix":1,"cix":2,"np":2,"it":[{"ty":"sh","bm":0,"hd":false,"mn":"ADBE Vector Shape - Group","nm":"Path 1","ix":1,"d":1,"ks":{"a":0,"k":{"c":true,"i":[[-0.003,0.379],[-2.65,5.013],[-3.792,4.274],[-4.648,3.451],[-5.451,2.085],[-5.8,0.391],[0,0],[-1.41,-0.045],[-2.827,-0.339],[-5.496,-2.034],[-4.409,-4.283],[-1.299,-6.002],[1.254,-5.713],[0.377,-1.408],[0,0],[0,0],[0.089,-0.215],[0,0],[2.518,-1.742],[5.561,-1.517],[11.37,2.384],[1.395,0.426],[1.381,0.475],[1.377,0.511],[1.285,0.74],[1.156,0.943],[1.03,1.071],[0.76,3.022],[-0.742,0.186],[-0.244,-0.084],[0,0],[-1.198,-0.612],[-1.121,-0.617],[-0.514,-0.355],[-0.518,-0.345],[-0.548,-0.302],[-0.528,-0.336],[-4.992,-1.076],[-9.991,2.57],[-3.989,2.691],[-0.86,1.5],[-0.083,0.172],[-0.048,0.149],[0,0],[0,0],[-0.231,1.239],[1.034,4.671],[3.461,3.324],[4.761,1.731],[5.194,0.595],[2.635,0.105],[0,0],[0,0],[4.748,-1.836],[6.527,-8.118],[1.458,-2.169],[1.415,-2.213],[3.6,-4.302],[0,0],[0.556,0.465]],"o":[[0.09,-5.981],[2.601,-5.055],[3.832,-4.239],[4.632,-3.455],[5.443,-2.103],[0,0],[1.409,0.023],[2.821,0.112],[5.648,0.65],[5.481,2],[4.435,4.24],[1.331,6.008],[-0.276,1.446],[0,0],[0,0],[-0.057,0.176],[0,0],[-1.891,3.253],[-5.103,3.412],[-11.139,2.853],[-1.419,-0.303],[-1.409,-0.363],[-1.381,-0.473],[-1.327,-0.634],[-1.293,-0.722],[-1.212,-0.858],[-2.051,-2.145],[-0.186,-0.742],[0.269,-0.068],[0,0],[1.47,0.499],[1.215,0.591],[0.544,0.327],[0.533,0.33],[0.541,0.312],[0.544,0.307],[4.192,2.773],[10.027,2.121],[4.956,-1.336],[1.969,-1.317],[0.067,-0.181],[0.042,-0.1],[0,0],[0,0],[0.324,-1.229],[1.09,-4.935],[-1.027,-4.673],[-3.44,-3.342],[-4.756,-1.765],[-2.596,-0.313],[0,0],[0,0],[-5.098,0.345],[-9.496,3.658],[-1.617,2.041],[-1.489,2.145],[-2.797,4.448],[0,0],[-0.465,0.556],[-0.314,-0.263]],"v":[[-164.019,226.59],[-159.236,210.227],[-149.443,196.265],[-136.888,184.495],[-121.696,176.06],[-104.674,172.323],[-100.326,172.166],[-96.101,172.233],[-87.627,172.851],[-70.812,176.669],[-55.576,185.929],[-46.658,201.887],[-46.858,219.749],[-47.924,223.999],[-48.58,226.073],[-48.745,226.592],[-49.012,227.246],[-49.62,228.589],[-56.555,235.635],[-72.703,242.571],[-106.911,243.58],[-111.138,242.524],[-115.299,241.175],[-119.402,239.594],[-123.401,237.693],[-127.146,235.299],[-130.483,232.354],[-134.904,224.575],[-133.899,222.895],[-133.115,222.927],[-132.974,222.975],[-129.16,224.788],[-125.802,226.74],[-124.223,227.769],[-122.617,228.743],[-121.037,229.741],[-119.435,230.713],[-105.346,236.222],[-74.621,235.298],[-60.776,229.409],[-56.221,224.983],[-55.997,224.456],[-55.865,224.167],[-55.721,223.709],[-55.14,221.878],[-54.216,218.185],[-53.995,203.543],[-60.836,191.307],[-73.418,183.725],[-88.484,180.323],[-96.346,179.751],[-100.312,179.688],[-104.151,179.827],[-119.018,183.088],[-143.51,201.285],[-148.133,207.593],[-152.474,214.139],[-161.639,227.379],[-161.7,227.452],[-163.549,227.617]]},"ix":2}},{"ty":"fl","bm":0,"hd":false,"mn":"ADBE Vector Graphic - Fill","nm":"Fill 1","c":{"a":0,"k":[0.2157,0.102,0.2706],"ix":4},"r":1,"o":{"a":0,"k":100,"ix":5}},{"ty":"tr","a":{"a":0,"k":[0,0],"ix":1},"s":{"a":0,"k":[100,100],"ix":3},"sk":{"a":0,"k":0,"ix":4},"p":{"a":0,"k":[0,0],"ix":2},"r":{"a":0,"k":0,"ix":6},"sa":{"a":0,"k":0,"ix":5},"o":{"a":0,"k":100,"ix":7}}]},{"ty":"tr","a":{"a":0,"k":[0,0],"ix":1},"s":{"a":0,"k":[100,100],"ix":3},"sk":{"a":0,"k":0,"ix":4},"p":{"a":0,"k":[0,0],"ix":2},"r":{"a":0,"k":0,"ix":6},"sa":{"a":0,"k":0,"ix":5},"o":{"a":0,"k":100,"ix":7}}]},{"ty":"gr","bm":0,"hd":false,"mn":"ADBE Vector Group","nm":"Group 2","ix":2,"cix":2,"np":1,"it":[{"ty":"gr","bm":0,"hd":false,"mn":"ADBE Vector Group","nm":"Group 1","ix":1,"cix":2,"np":2,"it":[{"ty":"sh","bm":0,"hd":false,"mn":"ADBE Vector Shape - Group","nm":"Path 1","ix":1,"d":1,"ks":{"a":0,"k":{"c":true,"i":[[2.793,-8.17],[24.455,29.495],[0,0],[-4.327,-2.821],[-4.301,12.557],[-0.47,2.586]],"o":[[-4.899,14.301],[0,0],[0,-5.165],[26.446,17.239],[0.94,-2.736],[1.392,6.6]],"v":[[-52.325,225.461],[-133.937,223.778],[-133.937,223.778],[-123.885,218.407],[-52.325,211.141],[-50.219,203.149]]},"ix":2}},{"ty":"fl","bm":0,"hd":false,"mn":"ADBE Vector Graphic - Fill","nm":"Fill 1","c":{"a":0,"k":[0.851,0.8784,0.902],"ix":4},"r":1,"o":{"a":0,"k":100,"ix":5}},{"ty":"tr","a":{"a":0,"k":[0,0],"ix":1},"s":{"a":0,"k":[100,100],"ix":3},"sk":{"a":0,"k":0,"ix":4},"p":{"a":0,"k":[0,0],"ix":2},"r":{"a":0,"k":0,"ix":6},"sa":{"a":0,"k":0,"ix":5},"o":{"a":0,"k":100,"ix":7}}]},{"ty":"tr","a":{"a":0,"k":[0,0],"ix":1},"s":{"a":0,"k":[100,100],"ix":3},"sk":{"a":0,"k":0,"ix":4},"p":{"a":0,"k":[0,0],"ix":2},"r":{"a":0,"k":0,"ix":6},"sa":{"a":0,"k":0,"ix":5},"o":{"a":0,"k":100,"ix":7}}]},{"ty":"gr","bm":0,"hd":false,"mn":"ADBE Vector Group","nm":"Group 3","ix":3,"cix":2,"np":1,"it":[{"ty":"gr","bm":0,"hd":false,"mn":"ADBE Vector Group","nm":"Group 1","ix":1,"cix":2,"np":2,"it":[{"ty":"sh","bm":0,"hd":false,"mn":"ADBE Vector Shape - Group","nm":"Path 1","ix":1,"d":1,"ks":{"a":0,"k":{"c":false,"i":[[0,0],[-45.471,0.146],[9.829,-28.737],[24.457,29.502]],"o":[[0,0],[41.955,-0.134],[-4.892,14.302],[0,0]],"v":[[-162.829,226.985],[-100.475,175.925],[-52.329,225.456],[-133.939,223.775]]},"ix":2}},{"ty":"fl","bm":0,"hd":false,"mn":"ADBE Vector Graphic - Fill","nm":"Fill 1","c":{"a":0,"k":[1,1,1],"ix":4},"r":1,"o":{"a":0,"k":100,"ix":5}},{"ty":"tr","a":{"a":0,"k":[0,0],"ix":1},"s":{"a":0,"k":[100,100],"ix":3},"sk":{"a":0,"k":0,"ix":4},"p":{"a":0,"k":[0,0],"ix":2},"r":{"a":0,"k":0,"ix":6},"sa":{"a":0,"k":0,"ix":5},"o":{"a":0,"k":100,"ix":7}}]},{"ty":"tr","a":{"a":0,"k":[0,0],"ix":1},"s":{"a":0,"k":[100,100],"ix":3},"sk":{"a":0,"k":0,"ix":4},"p":{"a":0,"k":[0,0],"ix":2},"r":{"a":0,"k":0,"ix":6},"sa":{"a":0,"k":0,"ix":5},"o":{"a":0,"k":100,"ix":7}}]}],"ind":3},{"ty":4,"nm":"Layer 6","sr":1,"st":0,"op":301,"ip":0,"hd":false,"ddd":0,"bm":0,"hasMask":false,"ao":0,"ks":{"a":{"a":0,"k":[27.872,110.592,0],"ix":1},"s":{"a":0,"k":[100,100,100],"ix":6},"sk":{"a":0,"k":0},"p":{"a":0,"k":[27.872,110.592,0],"ix":2},"r":{"a":1,"k":[{"o":{"x":0.333,"y":0},"i":{"x":0.667,"y":1},"s":[0],"t":0},{"o":{"x":0.333,"y":0},"i":{"x":0.667,"y":1},"s":[10],"t":51},{"o":{"x":0.333,"y":0},"i":{"x":0.667,"y":1},"s":[10],"t":93},{"o":{"x":0.333,"y":0},"i":{"x":0.667,"y":1},"s":[-10],"t":143},{"o":{"x":0.333,"y":0},"i":{"x":0.667,"y":1},"s":[-10],"t":185},{"o":{"x":0.167,"y":0},"i":{"x":0.667,"y":1},"s":[10],"t":232},{"o":{"x":0.167,"y":0},"i":{"x":0.667,"y":1},"s":[10],"t":254},{"s":[0],"t":300}],"ix":10},"sa":{"a":0,"k":0},"o":{"a":0,"k":100,"ix":11}},"ef":[],"shapes":[{"ty":"gr","bm":0,"hd":false,"mn":"ADBE Vector Group","nm":"Group 1","ix":1,"cix":2,"np":1,"it":[{"ty":"gr","bm":0,"hd":false,"mn":"ADBE Vector Group","nm":"Group 1","ix":1,"cix":2,"np":2,"it":[{"ty":"sh","bm":0,"hd":false,"mn":"ADBE Vector Shape - Group","nm":"Path 1","ix":1,"d":1,"ks":{"a":0,"k":{"c":true,"i":[[0,0],[-42.77,31.045],[1.464,-3.908],[26.954,-53.272]],"o":[[0,0],[42.77,-31.045],[0,0],[-20.785,41.079]],"v":[[-91.132,5.27],[-72.421,-104.84],[30.019,-131.311],[-64.76,-62.25]]},"ix":2}},{"ty":"fl","bm":0,"hd":false,"mn":"ADBE Vector Graphic - Fill","nm":"Fill 1","c":{"a":0,"k":[1,1,1],"ix":4},"r":1,"o":{"a":0,"k":100,"ix":5}},{"ty":"tr","a":{"a":0,"k":[0,0],"ix":1},"s":{"a":0,"k":[100,100],"ix":3},"sk":{"a":0,"k":0,"ix":4},"p":{"a":0,"k":[0,0],"ix":2},"r":{"a":0,"k":0,"ix":6},"sa":{"a":0,"k":0,"ix":5},"o":{"a":0,"k":100,"ix":7}}]},{"ty":"tr","a":{"a":0,"k":[0,0],"ix":1},"s":{"a":0,"k":[100,100],"ix":3},"sk":{"a":0,"k":0,"ix":4},"p":{"a":0,"k":[0,0],"ix":2},"r":{"a":0,"k":0,"ix":6},"sa":{"a":0,"k":0,"ix":5},"o":{"a":0,"k":100,"ix":7}}]},{"ty":"gr","bm":0,"hd":false,"mn":"ADBE Vector Group","nm":"Group 2","ix":2,"cix":2,"np":1,"it":[{"ty":"gr","bm":0,"hd":false,"mn":"ADBE Vector Group","nm":"Group 1","ix":1,"cix":2,"np":2,"it":[{"ty":"sh","bm":0,"hd":false,"mn":"ADBE Vector Shape - Group","nm":"Path 1","ix":1,"d":1,"ks":{"a":0,"k":{"c":true,"i":[[1.085,0],[0.698,0.575],[0,0],[0,0],[61.651,0.545],[25.936,-37.458],[0,0],[1.603,1.322],[-1.196,1.598],[-64.428,-0.58],[-27.138,-38.7],[1.12,-1.359]],"o":[[-0.836,0],[0,0],[0,0],[-25.71,-36.73],[-61.944,-0.577],[0,0],[-1.32,1.605],[-1.557,-1.283],[27.394,-39.485],[64.069,0.567],[1.004,1.356],[-0.745,0.905]],"v":[[169.019,-106.322],[166.644,-107.176],[166.248,-107.502],[165.932,-107.94],[28.468,-166.595],[-109.893,-108.512],[-110.082,-108.262],[-115.385,-107.74],[-116.016,-112.883],[28.534,-174.116],[172.041,-112.33],[171.927,-107.697]]},"ix":2}},{"ty":"fl","bm":0,"hd":false,"mn":"ADBE Vector Graphic - Fill","nm":"Fill 1","c":{"a":0,"k":[0.2157,0.102,0.2706],"ix":4},"r":1,"o":{"a":0,"k":100,"ix":5}},{"ty":"tr","a":{"a":0,"k":[0,0],"ix":1},"s":{"a":0,"k":[100,100],"ix":3},"sk":{"a":0,"k":0,"ix":4},"p":{"a":0,"k":[0,0],"ix":2},"r":{"a":0,"k":0,"ix":6},"sa":{"a":0,"k":0,"ix":5},"o":{"a":0,"k":100,"ix":7}}]},{"ty":"tr","a":{"a":0,"k":[0,0],"ix":1},"s":{"a":0,"k":[100,100],"ix":3},"sk":{"a":0,"k":0,"ix":4},"p":{"a":0,"k":[0,0],"ix":2},"r":{"a":0,"k":0,"ix":6},"sa":{"a":0,"k":0,"ix":5},"o":{"a":0,"k":100,"ix":7}}]},{"ty":"gr","bm":0,"hd":false,"mn":"ADBE Vector Group","nm":"Group 3","ix":3,"cix":2,"np":1,"it":[{"ty":"gr","bm":0,"hd":false,"mn":"ADBE Vector Group","nm":"Group 1","ix":1,"cix":2,"np":2,"it":[{"ty":"sh","bm":0,"hd":false,"mn":"ADBE Vector Shape - Group","nm":"Path 1","ix":1,"d":1,"ks":{"a":0,"k":{"c":true,"i":[[1.618,9.072],[0.279,-32.101],[16.96,-23.053],[63.814,-0.017],[18.945,6.725],[-15.779,21.435],[-0.333,38.325]],"o":[[18.593,18.058],[-0.266,30.209],[-12.728,17.282],[-22.532,0.01],[78.442,-1.693],[21.543,-29.257],[0.097,-10.243]],"v":[[152.433,-114.7],[181.605,-39.879],[154.321,41.334],[25.831,88.616],[-37.357,77.258],[120.142,17.326],[154.773,-85.739]]},"ix":2}},{"ty":"fl","bm":0,"hd":false,"mn":"ADBE Vector Graphic - Fill","nm":"Fill 1","c":{"a":0,"k":[0.2157,0.102,0.2706],"ix":4},"r":1,"o":{"a":0,"k":100,"ix":5}},{"ty":"tr","a":{"a":0,"k":[0,0],"ix":1},"s":{"a":0,"k":[100,100],"ix":3},"sk":{"a":0,"k":0,"ix":4},"p":{"a":0,"k":[0,0],"ix":2},"r":{"a":0,"k":0,"ix":6},"sa":{"a":0,"k":0,"ix":5},"o":{"a":0,"k":100,"ix":7}}]},{"ty":"tr","a":{"a":0,"k":[0,0],"ix":1},"s":{"a":0,"k":[100,100],"ix":3},"sk":{"a":0,"k":0,"ix":4},"p":{"a":0,"k":[0,0],"ix":2},"r":{"a":0,"k":0,"ix":6},"sa":{"a":0,"k":0,"ix":5},"o":{"a":0,"k":100,"ix":7}}]},{"ty":"gr","bm":0,"hd":false,"mn":"ADBE Vector Group","nm":"Group 4","ix":4,"cix":2,"np":1,"it":[{"ty":"gr","bm":0,"hd":false,"mn":"ADBE Vector Group","nm":"Group 1","ix":1,"cix":2,"np":2,"it":[{"ty":"sh","bm":0,"hd":false,"mn":"ADBE Vector Shape - Group","nm":"Path 1","ix":1,"d":1,"ks":{"a":0,"k":{"c":true,"i":[[2.222,-6.558],[-5.628,-1.907],[-2.222,6.558],[5.628,1.907]],"o":[[-2.222,6.558],[5.628,1.907],[2.222,-6.558],[-5.628,-1.907]],"v":[[96.94,-0.732],[103.106,14.595],[117.319,6.173],[111.153,-9.154]]},"ix":2}},{"ty":"fl","bm":0,"hd":false,"mn":"ADBE Vector Graphic - Fill","nm":"Fill 1","c":{"a":0,"k":[1,1,1],"ix":4},"r":1,"o":{"a":0,"k":100,"ix":5}},{"ty":"tr","a":{"a":0,"k":[0,0],"ix":1},"s":{"a":0,"k":[100,100],"ix":3},"sk":{"a":0,"k":0,"ix":4},"p":{"a":0,"k":[0,0],"ix":2},"r":{"a":0,"k":0,"ix":6},"sa":{"a":0,"k":0,"ix":5},"o":{"a":0,"k":100,"ix":7}}]},{"ty":"tr","a":{"a":0,"k":[0,0],"ix":1},"s":{"a":0,"k":[100,100],"ix":3},"sk":{"a":0,"k":0,"ix":4},"p":{"a":0,"k":[0,0],"ix":2},"r":{"a":0,"k":0,"ix":6},"sa":{"a":0,"k":0,"ix":5},"o":{"a":0,"k":100,"ix":7}}]},{"ty":"gr","bm":0,"hd":false,"mn":"ADBE Vector Group","nm":"Group 5","ix":5,"cix":2,"np":1,"it":[{"ty":"gr","bm":0,"hd":false,"mn":"ADBE Vector Group","nm":"Group 1","ix":1,"cix":2,"np":2,"it":[{"ty":"sh","bm":0,"hd":false,"mn":"ADBE Vector Shape - Group","nm":"Path 1","ix":1,"d":1,"ks":{"a":0,"k":{"c":true,"i":[[2.821,-14.82],[-10.739,-2.044],[-2.821,14.82],[10.739,2.044]],"o":[[-2.821,14.82],[10.739,2.044],[2.821,-14.82],[-10.739,-2.044]],"v":[[112.409,-54.872],[126.745,-24.338],[151.296,-47.471],[136.96,-78.005]]},"ix":2}},{"ty":"fl","bm":0,"hd":false,"mn":"ADBE Vector Graphic - Fill","nm":"Fill 1","c":{"a":0,"k":[1,1,1],"ix":4},"r":1,"o":{"a":0,"k":100,"ix":5}},{"ty":"tr","a":{"a":0,"k":[0,0],"ix":1},"s":{"a":0,"k":[100,100],"ix":3},"sk":{"a":0,"k":0,"ix":4},"p":{"a":0,"k":[0,0],"ix":2},"r":{"a":0,"k":0,"ix":6},"sa":{"a":0,"k":0,"ix":5},"o":{"a":0,"k":100,"ix":7}}]},{"ty":"tr","a":{"a":0,"k":[0,0],"ix":1},"s":{"a":0,"k":[100,100],"ix":3},"sk":{"a":0,"k":0,"ix":4},"p":{"a":0,"k":[0,0],"ix":2},"r":{"a":0,"k":0,"ix":6},"sa":{"a":0,"k":0,"ix":5},"o":{"a":0,"k":100,"ix":7}}]},{"ty":"gr","bm":0,"hd":false,"mn":"ADBE Vector Group","nm":"Group 6","ix":6,"cix":2,"np":1,"it":[{"ty":"gr","bm":0,"hd":false,"mn":"ADBE Vector Group","nm":"Group 1","ix":1,"cix":2,"np":4,"it":[{"ty":"sh","bm":0,"hd":false,"mn":"ADBE Vector Shape - Group","nm":"Path 1","ix":1,"d":1,"ks":{"a":0,"k":{"c":true,"i":[[0,0],[0,0]],"o":[[0,0],[0,0]],"v":[[181.607,-39.874],[181.62,-39.874]]},"ix":2}},{"ty":"sh","bm":0,"hd":false,"mn":"ADBE Vector Shape - Group","nm":"Path 2","ix":2,"d":1,"ks":{"a":0,"k":{"c":true,"i":[[0.933,0],[25.368,-16.383],[0.321,-36.428],[-16.711,-23.556],[-57.805,0],[-0.011,0],[-11.373,15.448],[-0.251,28.433],[44.988,0.397]],"o":[[-42.595,0],[-28.852,18.633],[-0.251,28.433],[11.866,16.728],[0.011,0],[64.07,-0.011],[17.123,-23.257],[0.87,-98.647],[-0.939,-0.008]],"v":[[26.379,-150.538],[-77.433,-125.526],[-121.399,-42.547],[-96.239,36.921],[25.81,84.851],[25.834,84.851],[151.289,39.104],[177.847,-39.908],[29.187,-150.525]]},"ix":2}},{"ty":"sh","bm":0,"hd":false,"mn":"ADBE Vector Shape - Group","nm":"Path 3","ix":3,"d":1,"ks":{"a":0,"k":{"c":true,"i":[[0.008,0],[13.012,18.342],[-0.265,30.026],[-31.112,20.092],[-45.301,-0.423],[-26.848,-18.017],[0.345,-39.118],[0,0],[18.067,-24.539],[67.55,-0.011]],"o":[[-61.214,0],[-17.631,-24.854],[0.345,-39.117],[27.162,-17.541],[45.303,0.4],[30.753,20.637],[0,0],[-0.265,30.025],[-12.526,17.013],[-0.008,0]],"v":[[25.809,92.372],[-102.374,41.273],[-128.92,-42.614],[-81.513,-131.845],[29.254,-158.046],[139.542,-129.894],[185.368,-39.841],[185.368,-39.841],[157.346,43.564],[25.835,92.372]]},"ix":2}},{"ty":"fl","bm":0,"hd":false,"mn":"ADBE Vector Graphic - Fill","nm":"Fill 1","c":{"a":0,"k":[0.2157,0.102,0.2706],"ix":4},"r":1,"o":{"a":0,"k":100,"ix":5}},{"ty":"tr","a":{"a":0,"k":[0,0],"ix":1},"s":{"a":0,"k":[100,100],"ix":3},"sk":{"a":0,"k":0,"ix":4},"p":{"a":0,"k":[0,0],"ix":2},"r":{"a":0,"k":0,"ix":6},"sa":{"a":0,"k":0,"ix":5},"o":{"a":0,"k":100,"ix":7}}]},{"ty":"tr","a":{"a":0,"k":[0,0],"ix":1},"s":{"a":0,"k":[100,100],"ix":3},"sk":{"a":0,"k":0,"ix":4},"p":{"a":0,"k":[0,0],"ix":2},"r":{"a":0,"k":0,"ix":6},"sa":{"a":0,"k":0,"ix":5},"o":{"a":0,"k":100,"ix":7}}]},{"ty":"gr","bm":0,"hd":false,"mn":"ADBE Vector Group","nm":"Group 7","ix":7,"cix":2,"np":1,"it":[{"ty":"gr","bm":0,"hd":false,"mn":"ADBE Vector Group","nm":"Group 1","ix":1,"cix":2,"np":2,"it":[{"ty":"sh","bm":0,"hd":false,"mn":"ADBE Vector Shape - Group","nm":"Path 1","ix":1,"d":1,"ks":{"a":0,"k":{"c":true,"i":[[0.705,-79.925],[16.972,-23.052],[63.815,-0.011],[12.417,17.504],[-0.266,30.203],[-84.715,-0.747]],"o":[[-0.266,30.203],[-12.724,17.282],[-59.17,0.01],[-16.563,-23.348],[0.705,-79.925],[84.715,0.747]],"v":[[181.607,-39.874],[154.317,41.334],[25.834,88.611],[-99.307,39.097],[-125.16,-42.58],[29.221,-154.286]]},"ix":2}},{"ty":"fl","bm":0,"hd":false,"mn":"ADBE Vector Graphic - Fill","nm":"Fill 1","c":{"a":0,"k":[0.2157,0.102,0.2706],"ix":4},"r":1,"o":{"a":0,"k":100,"ix":5}},{"ty":"tr","a":{"a":0,"k":[0,0],"ix":1},"s":{"a":0,"k":[100,100],"ix":3},"sk":{"a":0,"k":0,"ix":4},"p":{"a":0,"k":[0,0],"ix":2},"r":{"a":0,"k":0,"ix":6},"sa":{"a":0,"k":0,"ix":5},"o":{"a":0,"k":100,"ix":7}}]},{"ty":"tr","a":{"a":0,"k":[0,0],"ix":1},"s":{"a":0,"k":[100,100],"ix":3},"sk":{"a":0,"k":0,"ix":4},"p":{"a":0,"k":[0,0],"ix":2},"r":{"a":0,"k":0,"ix":6},"sa":{"a":0,"k":0,"ix":5},"o":{"a":0,"k":100,"ix":7}}]},{"ty":"gr","bm":0,"hd":false,"mn":"ADBE Vector Group","nm":"Group 8","ix":8,"cix":2,"np":1,"it":[{"ty":"gr","bm":0,"hd":false,"mn":"ADBE Vector Group","nm":"Group 1","ix":1,"cix":2,"np":4,"it":[{"ty":"sh","bm":0,"hd":false,"mn":"ADBE Vector Shape - Group","nm":"Path 1","ix":1,"d":1,"ks":{"a":0,"k":{"c":true,"i":[[0,0],[0,0]],"o":[[0,0],[0,0]],"v":[[182.196,-43.825],[182.209,-43.825]]},"ix":2}},{"ty":"sh","bm":0,"hd":false,"mn":"ADBE Vector Shape - Group","nm":"Path 2","ix":2,"d":1,"ks":{"a":0,"k":{"c":true,"i":[[1.228,0],[28.223,-26.903],[0.962,-40.212],[-83.011,-1.987],[-1.988,83.011],[83.011,1.986]],"o":[[-38.852,0],[-29.114,27.754],[-1.986,83.01],[82.989,1.995],[1.987,-83.011],[-1.232,-0.03]],"v":[[27.796,-198.108],[-76.013,-156.518],[-122.654,-51.121],[24.288,103.027],[178.436,-43.916],[31.493,-198.063]]},"ix":2}},{"ty":"sh","bm":0,"hd":false,"mn":"ADBE Vector Shape - Group","nm":"Path 3","ix":3,"d":1,"ks":{"a":0,"k":{"c":true,"i":[[85.433,0],[1.288,0.032],[-2.085,87.157],[-87.207,-2.077],[-29.14,-30.569],[1.01,-42.221],[0,0]],"o":[[-1.281,0],[-87.156,-2.085],[2.086,-87.156],[42.221,1.011],[29.14,30.569],[0,0],[-2.056,85.87]],"v":[[27.945,110.592],[24.107,110.546],[-130.174,-51.302],[31.674,-205.583],[142.334,-156.612],[185.956,-43.735],[185.956,-43.735]]},"ix":2}},{"ty":"fl","bm":0,"hd":false,"mn":"ADBE Vector Graphic - Fill","nm":"Fill 1","c":{"a":0,"k":[0.2157,0.102,0.2706],"ix":4},"r":1,"o":{"a":0,"k":100,"ix":5}},{"ty":"tr","a":{"a":0,"k":[0,0],"ix":1},"s":{"a":0,"k":[100,100],"ix":3},"sk":{"a":0,"k":0,"ix":4},"p":{"a":0,"k":[0,0],"ix":2},"r":{"a":0,"k":0,"ix":6},"sa":{"a":0,"k":0,"ix":5},"o":{"a":0,"k":100,"ix":7}}]},{"ty":"tr","a":{"a":0,"k":[0,0],"ix":1},"s":{"a":0,"k":[100,100],"ix":3},"sk":{"a":0,"k":0,"ix":4},"p":{"a":0,"k":[0,0],"ix":2},"r":{"a":0,"k":0,"ix":6},"sa":{"a":0,"k":0,"ix":5},"o":{"a":0,"k":100,"ix":7}}]},{"ty":"gr","bm":0,"hd":false,"mn":"ADBE Vector Group","nm":"Group 9","ix":9,"cix":2,"np":1,"it":[{"ty":"gr","bm":0,"hd":false,"mn":"ADBE Vector Group","nm":"Group 1","ix":1,"cix":2,"np":2,"it":[{"ty":"sh","bm":0,"hd":false,"mn":"ADBE Vector Shape - Group","nm":"Path 1","ix":1,"d":1,"ks":{"a":0,"k":{"c":true,"i":[[-5.796,81.732],[0.172,-7.254],[85.218,2.031],[-2.031,85.218],[-0.175,2.412],[-77.973,-1.869]],"o":[[0.816,7.001],[-2.051,85.217],[-85.217,-2.051],[0.057,-2.451],[8.605,75.363],[82.767,1.974]],"v":[[181.228,-65.221],[182.198,-43.824],[24.196,106.792],[-126.42,-51.211],[-126.072,-58.526],[23.573,78.08]]},"ix":2}},{"ty":"fl","bm":0,"hd":false,"mn":"ADBE Vector Graphic - Fill","nm":"Fill 1","c":{"a":0,"k":[0.851,0.8784,0.902],"ix":4},"r":1,"o":{"a":0,"k":100,"ix":5}},{"ty":"tr","a":{"a":0,"k":[0,0],"ix":1},"s":{"a":0,"k":[100,100],"ix":3},"sk":{"a":0,"k":0,"ix":4},"p":{"a":0,"k":[0,0],"ix":2},"r":{"a":0,"k":0,"ix":6},"sa":{"a":0,"k":0,"ix":5},"o":{"a":0,"k":100,"ix":7}}]},{"ty":"tr","a":{"a":0,"k":[0,0],"ix":1},"s":{"a":0,"k":[100,100],"ix":3},"sk":{"a":0,"k":0,"ix":4},"p":{"a":0,"k":[0,0],"ix":2},"r":{"a":0,"k":0,"ix":6},"sa":{"a":0,"k":0,"ix":5},"o":{"a":0,"k":100,"ix":7}}]},{"ty":"gr","bm":0,"hd":false,"mn":"ADBE Vector Group","nm":"Group 10","ix":10,"cix":2,"np":2,"it":[{"ty":"gr","bm":0,"hd":false,"mn":"ADBE Vector Group","nm":"Group 1","ix":1,"cix":2,"np":3,"it":[{"ty":"sh","bm":0,"hd":false,"mn":"ADBE Vector Shape - Group","nm":"Path 1","ix":1,"d":1,"ks":{"a":0,"k":{"c":true,"i":[[1.254,0],[28.801,-27.454],[0.982,-41.036],[-84.711,-2.027],[-2.029,84.712],[0,0],[0,0],[28.322,29.711],[41.036,0.982]],"o":[[-39.648,0],[-29.711,28.322],[-2.027,84.711],[84.69,2.03],[0,0],[0,0],[0.982,-41.036],[-28.322,-29.712],[-1.257,-0.03]],"v":[[27.794,-201.193],[-78.142,-158.751],[-125.739,-51.195],[24.214,106.111],[181.52,-43.842],[182.196,-43.825],[181.52,-43.842],[139.123,-153.551],[31.567,-201.148]]},"ix":2}},{"ty":"sh","bm":0,"hd":false,"mn":"ADBE Vector Shape - Group","nm":"Path 2","ix":2,"d":1,"ks":{"a":0,"k":{"c":true,"i":[[83.767,0],[1.262,0.03],[-2.045,85.456],[-29.972,28.572],[-41.398,-0.977],[-28.572,-29.972],[0.991,-41.397],[0,0]],"o":[[-1.255,0],[-85.456,-2.045],[0.99,-41.396],[29.973,-28.571],[41.397,0.99],[28.571,29.973],[0,0],[-2.015,84.194]],"v":[[27.944,107.507],[24.181,107.462],[-127.089,-51.228],[-79.074,-159.729],[31.6,-202.499],[140.101,-154.484],[182.871,-43.809],[182.871,-43.809]]},"ix":2}},{"ty":"fl","bm":0,"hd":false,"mn":"ADBE Vector Graphic - Fill","nm":"Fill 1","c":{"a":0,"k":[0.0902,0.1529,0.2275],"ix":4},"r":1,"o":{"a":0,"k":100,"ix":5}},{"ty":"tr","a":{"a":0,"k":[0,0],"ix":1},"s":{"a":0,"k":[100,100],"ix":3},"sk":{"a":0,"k":0,"ix":4},"p":{"a":0,"k":[0,0],"ix":2},"r":{"a":0,"k":0,"ix":6},"sa":{"a":0,"k":0,"ix":5},"o":{"a":0,"k":100,"ix":7}}]},{"ty":"gr","bm":0,"hd":false,"mn":"ADBE Vector Group","nm":"Group 2","ix":2,"cix":2,"np":2,"it":[{"ty":"sh","bm":0,"hd":false,"mn":"ADBE Vector Shape - Group","nm":"Path 1","ix":1,"d":1,"ks":{"a":0,"k":{"c":true,"i":[[2.04,-85.22],[85.22,2.04],[-2.04,85.22],[-85.22,-2.04]],"o":[[-2.04,85.22],[-85.22,-2.04],[2.04,-85.22],[85.22,2.04]],"v":[[182.195,-43.826],[24.198,106.786],[-126.414,-51.211],[31.584,-201.823]]},"ix":2}},{"ty":"fl","bm":0,"hd":false,"mn":"ADBE Vector Graphic - Fill","nm":"Fill 1","c":{"a":0,"k":[1,1,1],"ix":4},"r":1,"o":{"a":0,"k":100,"ix":5}},{"ty":"tr","a":{"a":0,"k":[0,0],"ix":1},"s":{"a":0,"k":[100,100],"ix":3},"sk":{"a":0,"k":0,"ix":4},"p":{"a":0,"k":[0,0],"ix":2},"r":{"a":0,"k":0,"ix":6},"sa":{"a":0,"k":0,"ix":5},"o":{"a":0,"k":100,"ix":7}}]},{"ty":"tr","a":{"a":0,"k":[0,0],"ix":1},"s":{"a":0,"k":[100,100],"ix":3},"sk":{"a":0,"k":0,"ix":4},"p":{"a":0,"k":[0,0],"ix":2},"r":{"a":0,"k":0,"ix":6},"sa":{"a":0,"k":0,"ix":5},"o":{"a":0,"k":100,"ix":7}}]},{"ty":"gr","bm":0,"hd":false,"mn":"ADBE Vector Group","nm":"Group 11","ix":11,"cix":2,"np":1,"it":[{"ty":"gr","bm":0,"hd":false,"mn":"ADBE Vector Group","nm":"Group 1","ix":1,"cix":2,"np":3,"it":[{"ty":"sh","bm":0,"hd":false,"mn":"ADBE Vector Shape - Group","nm":"Path 1","ix":1,"d":1,"ks":{"a":0,"k":{"c":true,"i":[[0,0],[-0.749,-15.893],[0,0],[-15.825,0.414]],"o":[[-15.801,1.073],[0,0],[0.748,15.893],[0,0]],"v":[[-124.164,-85.072],[-151.37,-54.536],[-149.917,-23.684],[-119.962,4.16]]},"ix":2}},{"ty":"sh","bm":0,"hd":false,"mn":"ADBE Vector Shape - Group","nm":"Path 2","ix":2,"d":1,"ks":{"a":0,"k":{"c":true,"i":[[0.579,0],[0.926,19.657],[0,0],[-20.242,0.954],[0,0],[-0.18,-3.802],[0,0],[3.802,-0.18]],"o":[[-19.479,0],[0,0],[-0.953,-20.242],[0,0],[3.807,-0.165],[0,0],[0.179,3.803],[-0.585,0.027]],"v":[[-120.74,11.692],[-157.431,-23.331],[-158.884,-54.183],[-123.903,-92.621],[-123.902,-92.621],[-116.68,-86.049],[-112.419,4.428],[-118.991,11.651]]},"ix":2}},{"ty":"fl","bm":0,"hd":false,"mn":"ADBE Vector Graphic - Fill","nm":"Fill 1","c":{"a":0,"k":[0.2157,0.102,0.2706],"ix":4},"r":1,"o":{"a":0,"k":100,"ix":5}},{"ty":"tr","a":{"a":0,"k":[0,0],"ix":1},"s":{"a":0,"k":[100,100],"ix":3},"sk":{"a":0,"k":0,"ix":4},"p":{"a":0,"k":[0,0],"ix":2},"r":{"a":0,"k":0,"ix":6},"sa":{"a":0,"k":0,"ix":5},"o":{"a":0,"k":100,"ix":7}}]},{"ty":"tr","a":{"a":0,"k":[0,0],"ix":1},"s":{"a":0,"k":[100,100],"ix":3},"sk":{"a":0,"k":0,"ix":4},"p":{"a":0,"k":[0,0],"ix":2},"r":{"a":0,"k":0,"ix":6},"sa":{"a":0,"k":0,"ix":5},"o":{"a":0,"k":100,"ix":7}}]},{"ty":"gr","bm":0,"hd":false,"mn":"ADBE Vector Group","nm":"Group 12","ix":12,"cix":2,"np":1,"it":[{"ty":"gr","bm":0,"hd":false,"mn":"ADBE Vector Group","nm":"Group 1","ix":1,"cix":2,"np":2,"it":[{"ty":"sh","bm":0,"hd":false,"mn":"ADBE Vector Shape - Group","nm":"Path 1","ix":1,"d":1,"ks":{"a":0,"k":{"c":true,"i":[[-0.501,1.004],[0,0],[1.734,-0.084],[6.327,6.218],[0.408,8.641],[0,0],[-13.343,0.626],[0,0]],"o":[[0,0],[0.084,1.734],[-9.552,0.446],[-5.714,-5.615],[0,0],[5.703,11.162],[0,0],[1.205,-0.059]],"v":[[-117.351,-20.495],[-116.172,4.604],[-119.172,7.894],[-143.854,-1.535],[-153.67,-23.502],[-154.283,-36.502],[-123.352,-18.561],[-120.051,-18.718]]},"ix":2}},{"ty":"fl","bm":0,"hd":false,"mn":"ADBE Vector Graphic - Fill","nm":"Fill 1","c":{"a":0,"k":[0.851,0.8784,0.902],"ix":4},"r":1,"o":{"a":0,"k":100,"ix":5}},{"ty":"tr","a":{"a":0,"k":[0,0],"ix":1},"s":{"a":0,"k":[100,100],"ix":3},"sk":{"a":0,"k":0,"ix":4},"p":{"a":0,"k":[0,0],"ix":2},"r":{"a":0,"k":0,"ix":6},"sa":{"a":0,"k":0,"ix":5},"o":{"a":0,"k":100,"ix":7}}]},{"ty":"tr","a":{"a":0,"k":[0,0],"ix":1},"s":{"a":0,"k":[100,100],"ix":3},"sk":{"a":0,"k":0,"ix":4},"p":{"a":0,"k":[0,0],"ix":2},"r":{"a":0,"k":0,"ix":6},"sa":{"a":0,"k":0,"ix":5},"o":{"a":0,"k":100,"ix":7}}]},{"ty":"gr","bm":0,"hd":false,"mn":"ADBE Vector Group","nm":"Group 13","ix":13,"cix":2,"np":2,"it":[{"ty":"gr","bm":0,"hd":false,"mn":"ADBE Vector Group","nm":"Group 1","ix":1,"cix":2,"np":3,"it":[{"ty":"sh","bm":0,"hd":false,"mn":"ADBE Vector Shape - Group","nm":"Path 1","ix":1,"d":1,"ks":{"a":0,"k":{"c":true,"i":[[0,0],[-0.838,-17.798],[0,0],[-17.806,0.826],[0.064,1.36],[0,0],[1.333,-0.077]],"o":[[-17.798,0.838],[0,0],[0.839,17.797],[1.36,-0.064],[0,0],[-0.065,-1.36],[0,0]],"v":[[-123.695,-88.19],[-154.452,-54.391],[-152.999,-23.539],[-119.201,7.219],[-116.851,4.636],[-121.112,-85.84],[-123.695,-88.19]]},"ix":2}},{"ty":"sh","bm":0,"hd":false,"mn":"ADBE Vector Shape - Group","nm":"Path 2","ix":2,"d":1,"ks":{"a":0,"k":{"c":true,"i":[[0.531,0],[0.848,18.007],[0,0],[-6.053,6.651],[-8.983,0.423],[0,0],[-0.1,-2.102],[0,0],[2.103,-0.099]],"o":[[-17.843,0],[0,0],[-0.423,-8.982],[6.052,-6.65],[0,0],[2.113,-0.102],[0,0],[0.099,2.104],[-0.536,0.025]],"v":[[-120.739,8.607],[-154.349,-23.476],[-155.802,-54.328],[-147.072,-78.57],[-123.758,-89.539],[-123.758,-89.539],[-119.762,-85.903],[-115.501,4.573],[-119.137,8.569]]},"ix":2}},{"ty":"fl","bm":0,"hd":false,"mn":"ADBE Vector Graphic - Fill","nm":"Fill 1","c":{"a":0,"k":[0.0902,0.1529,0.2275],"ix":4},"r":1,"o":{"a":0,"k":100,"ix":5}},{"ty":"tr","a":{"a":0,"k":[0,0],"ix":1},"s":{"a":0,"k":[100,100],"ix":3},"sk":{"a":0,"k":0,"ix":4},"p":{"a":0,"k":[0,0],"ix":2},"r":{"a":0,"k":0,"ix":6},"sa":{"a":0,"k":0,"ix":5},"o":{"a":0,"k":100,"ix":7}}]},{"ty":"gr","bm":0,"hd":false,"mn":"ADBE Vector Group","nm":"Group 2","ix":2,"cix":2,"np":2,"it":[{"ty":"sh","bm":0,"hd":false,"mn":"ADBE Vector Shape - Group","nm":"Path 1","ix":1,"d":1,"ks":{"a":0,"k":{"c":true,"i":[[-18.199,0.857],[0,0],[-0.082,-1.735],[0,0],[1.735,-0.082],[0,0],[0.857,18.199],[0,0]],"o":[[0,0],[1.735,-0.082],[0,0],[0.082,1.735],[0,0],[-18.199,0.857],[0,0],[-0.857,-18.199]],"v":[[-123.726,-88.864],[-123.726,-88.864],[-120.437,-85.871],[-116.176,4.605],[-119.169,7.894],[-119.169,7.894],[-153.674,-23.507],[-155.127,-54.36]]},"ix":2}},{"ty":"fl","bm":0,"hd":false,"mn":"ADBE Vector Graphic - Fill","nm":"Fill 1","c":{"a":0,"k":[1,1,1],"ix":4},"r":1,"o":{"a":0,"k":100,"ix":5}},{"ty":"tr","a":{"a":0,"k":[0,0],"ix":1},"s":{"a":0,"k":[100,100],"ix":3},"sk":{"a":0,"k":0,"ix":4},"p":{"a":0,"k":[0,0],"ix":2},"r":{"a":0,"k":0,"ix":6},"sa":{"a":0,"k":0,"ix":5},"o":{"a":0,"k":100,"ix":7}}]},{"ty":"tr","a":{"a":0,"k":[0,0],"ix":1},"s":{"a":0,"k":[100,100],"ix":3},"sk":{"a":0,"k":0,"ix":4},"p":{"a":0,"k":[0,0],"ix":2},"r":{"a":0,"k":0,"ix":6},"sa":{"a":0,"k":0,"ix":5},"o":{"a":0,"k":100,"ix":7}}]},{"ty":"gr","bm":0,"hd":false,"mn":"ADBE Vector Group","nm":"Group 14","ix":14,"cix":2,"np":1,"it":[{"ty":"gr","bm":0,"hd":false,"mn":"ADBE Vector Group","nm":"Group 1","ix":1,"cix":2,"np":3,"it":[{"ty":"sh","bm":0,"hd":false,"mn":"ADBE Vector Shape - Group","nm":"Path 1","ix":1,"d":1,"ks":{"a":0,"k":{"c":true,"i":[[15.808,-0.428],[0,0],[0.749,15.893],[0,0]],"o":[[0,0],[15.801,-1.073],[0,0],[-0.748,-15.893]],"v":[[175.706,-99.195],[179.908,-9.963],[207.114,-40.499],[205.661,-71.351]]},"ix":2}},{"ty":"sh","bm":0,"hd":false,"mn":"ADBE Vector Shape - Group","nm":"Path 2","ix":2,"d":1,"ks":{"a":0,"k":{"c":true,"i":[[0.109,0],[0.174,3.694],[0,0],[-3.802,0.18],[-0.954,-20.242],[0,0],[20.242,-0.954],[0,0]],"o":[[-3.66,0],[0,0],[-0.179,-3.803],[20.229,-0.954],[0,0],[0.953,20.242],[0,0],[-0.109,0.005]],"v":[[179.319,-2.407],[172.424,-8.988],[168.163,-99.463],[174.735,-106.686],[213.175,-71.705],[214.628,-40.853],[179.647,-2.414],[179.646,-2.414]]},"ix":2}},{"ty":"fl","bm":0,"hd":false,"mn":"ADBE Vector Graphic - Fill","nm":"Fill 1","c":{"a":0,"k":[0.2157,0.102,0.2706],"ix":4},"r":1,"o":{"a":0,"k":100,"ix":5}},{"ty":"tr","a":{"a":0,"k":[0,0],"ix":1},"s":{"a":0,"k":[100,100],"ix":3},"sk":{"a":0,"k":0,"ix":4},"p":{"a":0,"k":[0,0],"ix":2},"r":{"a":0,"k":0,"ix":6},"sa":{"a":0,"k":0,"ix":5},"o":{"a":0,"k":100,"ix":7}}]},{"ty":"tr","a":{"a":0,"k":[0,0],"ix":1},"s":{"a":0,"k":[100,100],"ix":3},"sk":{"a":0,"k":0,"ix":4},"p":{"a":0,"k":[0,0],"ix":2},"r":{"a":0,"k":0,"ix":6},"sa":{"a":0,"k":0,"ix":5},"o":{"a":0,"k":100,"ix":7}}]},{"ty":"gr","bm":0,"hd":false,"mn":"ADBE Vector Group","nm":"Group 15","ix":15,"cix":2,"np":1,"it":[{"ty":"gr","bm":0,"hd":false,"mn":"ADBE Vector Group","nm":"Group 1","ix":1,"cix":2,"np":2,"it":[{"ty":"sh","bm":0,"hd":false,"mn":"ADBE Vector Shape - Group","nm":"Path 1","ix":1,"d":1,"ks":{"a":0,"k":{"c":true,"i":[[-3.875,13.079],[0,0],[18.203,-0.864],[0.084,1.734],[0,0],[-1.274,0.05],[0,0]],"o":[[0,0],[0.854,18.193],[-1.734,0.084],[0,0],[0.539,1.074],[0,0],[14.382,-0.674]],"v":[[210.189,-55.143],[210.874,-40.673],[179.468,-6.165],[176.179,-9.164],[175.038,-33.216],[177.984,-31.487],[180.129,-31.594]]},"ix":2}},{"ty":"fl","bm":0,"hd":false,"mn":"ADBE Vector Graphic - Fill","nm":"Fill 1","c":{"a":0,"k":[0.851,0.8784,0.902],"ix":4},"r":1,"o":{"a":0,"k":100,"ix":5}},{"ty":"tr","a":{"a":0,"k":[0,0],"ix":1},"s":{"a":0,"k":[100,100],"ix":3},"sk":{"a":0,"k":0,"ix":4},"p":{"a":0,"k":[0,0],"ix":2},"r":{"a":0,"k":0,"ix":6},"sa":{"a":0,"k":0,"ix":5},"o":{"a":0,"k":100,"ix":7}}]},{"ty":"tr","a":{"a":0,"k":[0,0],"ix":1},"s":{"a":0,"k":[100,100],"ix":3},"sk":{"a":0,"k":0,"ix":4},"p":{"a":0,"k":[0,0],"ix":2},"r":{"a":0,"k":0,"ix":6},"sa":{"a":0,"k":0,"ix":5},"o":{"a":0,"k":100,"ix":7}}]},{"ty":"gr","bm":0,"hd":false,"mn":"ADBE Vector Group","nm":"Group 16","ix":16,"cix":2,"np":2,"it":[{"ty":"gr","bm":0,"hd":false,"mn":"ADBE Vector Group","nm":"Group 1","ix":1,"cix":2,"np":3,"it":[{"ty":"sh","bm":0,"hd":false,"mn":"ADBE Vector Shape - Group","nm":"Path 1","ix":1,"d":1,"ks":{"a":0,"k":{"c":true,"i":[[17.126,0],[0.515,-0.024],[-0.064,-1.36],[0,0],[-1.359,0.055],[0,0],[0.838,17.798],[0,0]],"o":[[-0.51,0],[-1.36,0.064],[0,0],[0.064,1.36],[0,0],[17.798,-0.838],[0,0],[-0.814,-17.283]],"v":[[176.482,-102.29],[174.944,-102.254],[172.595,-99.672],[176.856,-9.196],[179.439,-6.846],[179.439,-6.846],[210.196,-40.644],[208.743,-71.496]]},"ix":2}},{"ty":"sh","bm":0,"hd":false,"mn":"ADBE Vector Shape - Group","nm":"Path 2","ix":2,"d":1,"ks":{"a":0,"k":{"c":true,"i":[[0.06,0],[0.096,2.043],[0,0],[-2.103,0.099],[-0.872,-18.543],[0,0],[6.053,-6.651],[8.982,-0.423],[0,0]],"o":[[-2.026,0],[0,0],[-0.099,-2.104],[18.553,-0.875],[0,0],[0.423,8.982],[-6.052,6.65],[0,0],[-0.061,0.003]],"v":[[179.321,-5.492],[175.506,-9.133],[171.245,-99.608],[174.881,-103.604],[210.092,-71.56],[211.546,-40.707],[202.816,-16.465],[179.502,-5.496],[179.502,-5.496]]},"ix":2}},{"ty":"fl","bm":0,"hd":false,"mn":"ADBE Vector Graphic - Fill","nm":"Fill 1","c":{"a":0,"k":[0.0902,0.1529,0.2275],"ix":4},"r":1,"o":{"a":0,"k":100,"ix":5}},{"ty":"tr","a":{"a":0,"k":[0,0],"ix":1},"s":{"a":0,"k":[100,100],"ix":3},"sk":{"a":0,"k":0,"ix":4},"p":{"a":0,"k":[0,0],"ix":2},"r":{"a":0,"k":0,"ix":6},"sa":{"a":0,"k":0,"ix":5},"o":{"a":0,"k":100,"ix":7}}]},{"ty":"gr","bm":0,"hd":false,"mn":"ADBE Vector Group","nm":"Group 2","ix":2,"cix":2,"np":2,"it":[{"ty":"sh","bm":0,"hd":false,"mn":"ADBE Vector Shape - Group","nm":"Path 1","ix":1,"d":1,"ks":{"a":0,"k":{"c":true,"i":[[18.199,-0.857],[0,0],[0.082,1.735],[0,0],[-1.735,0.082],[0,0],[-0.857,-18.199],[0,0]],"o":[[0,0],[-1.735,0.082],[0,0],[-0.082,-1.735],[0,0],[18.199,-0.857],[0,0],[0.857,18.199]],"v":[[179.47,-6.171],[179.47,-6.171],[176.181,-9.164],[171.92,-99.64],[174.913,-102.929],[174.913,-102.929],[209.418,-71.528],[210.871,-40.676]]},"ix":2}},{"ty":"fl","bm":0,"hd":false,"mn":"ADBE Vector Graphic - Fill","nm":"Fill 1","c":{"a":0,"k":[1,1,1],"ix":4},"r":1,"o":{"a":0,"k":100,"ix":5}},{"ty":"tr","a":{"a":0,"k":[0,0],"ix":1},"s":{"a":0,"k":[100,100],"ix":3},"sk":{"a":0,"k":0,"ix":4},"p":{"a":0,"k":[0,0],"ix":2},"r":{"a":0,"k":0,"ix":6},"sa":{"a":0,"k":0,"ix":5},"o":{"a":0,"k":100,"ix":7}}]},{"ty":"tr","a":{"a":0,"k":[0,0],"ix":1},"s":{"a":0,"k":[100,100],"ix":3},"sk":{"a":0,"k":0,"ix":4},"p":{"a":0,"k":[0,0],"ix":2},"r":{"a":0,"k":0,"ix":6},"sa":{"a":0,"k":0,"ix":5},"o":{"a":0,"k":100,"ix":7}}]}],"ind":4,"parent":5},{"ty":4,"nm":"Layer 7","sr":1,"st":0,"op":301,"ip":0,"hd":false,"ddd":0,"bm":0,"hasMask":false,"ao":0,"ks":{"a":{"a":0,"k":[28.091,158.68,0],"ix":1},"s":{"a":0,"k":[54,54,100],"ix":6},"sk":{"a":0,"k":0},"p":{"a":0,"k":[265.633,356.401,0],"ix":2},"r":{"a":0,"k":0,"ix":10},"sa":{"a":0,"k":0},"o":{"a":0,"k":100,"ix":11}},"ef":[],"shapes":[{"ty":"gr","bm":0,"hd":false,"mn":"ADBE Vector Group","nm":"Group 1","ix":1,"cix":2,"np":1,"it":[{"ty":"gr","bm":0,"hd":false,"mn":"ADBE Vector Group","nm":"Group 1","ix":1,"cix":2,"np":3,"it":[{"ty":"sh","bm":0,"hd":false,"mn":"ADBE Vector Shape - Group","nm":"Path 1","ix":1,"d":1,"ks":{"a":0,"k":{"c":true,"i":[[0,0],[0,0],[-6.48,10.306],[8.478,22.402],[90.964,15.04],[0.108,0.028],[0.112,-0.019],[27.804,-73.47],[-6.867,-10.922],[-1.404,-0.15]],"o":[[0,0],[1.344,-0.143],[6.867,-10.923],[-27.804,-73.47],[-0.112,-0.019],[-0.107,0.027],[-90.964,15.04],[-8.478,22.402],[6.464,10.282],[0,0]],"v":[[28.904,261.838],[204.391,261.838],[223.432,249.907],[220.97,198.967],[28.42,55.473],[28.091,55.403],[27.762,55.473],[-164.787,198.967],[-167.248,249.906],[-148.205,261.838]]},"ix":2}},{"ty":"sh","bm":0,"hd":false,"mn":"ADBE Vector Shape - Group","nm":"Path 2","ix":2,"d":1,"ks":{"a":0,"k":{"c":true,"i":[[0,0],[0,0],[8.828,13.915],[-9.506,25.118],[-93.601,15.477],[-0.494,-0.128],[-0.535,-0.088],[-28.75,-75.97],[8.363,-13.182],[0.651,-0.05]],"o":[[0,0],[-0.651,-0.05],[-8.363,-13.181],[28.75,-75.97],[0.535,-0.088],[0.494,-0.128],[93.601,15.477],[9.506,25.118],[-8.828,13.914],[0,0]],"v":[[204.714,269.359],[-148.678,269.348],[-173.544,254.023],[-171.822,196.306],[26.535,48.051],[28.092,48.12],[29.647,48.051],[228.005,196.306],[229.727,254.025],[204.861,269.348]]},"ix":2}},{"ty":"fl","bm":0,"hd":false,"mn":"ADBE Vector Graphic - Fill","nm":"Fill 1","c":{"a":0,"k":[0.2157,0.102,0.2706],"ix":4},"r":1,"o":{"a":0,"k":100,"ix":5}},{"ty":"tr","a":{"a":0,"k":[0,0],"ix":1},"s":{"a":0,"k":[100,100],"ix":3},"sk":{"a":0,"k":0,"ix":4},"p":{"a":0,"k":[0,0],"ix":2},"r":{"a":0,"k":0,"ix":6},"sa":{"a":0,"k":0,"ix":5},"o":{"a":0,"k":100,"ix":7}}]},{"ty":"tr","a":{"a":0,"k":[0,0],"ix":1},"s":{"a":0,"k":[100,100],"ix":3},"sk":{"a":0,"k":0,"ix":4},"p":{"a":0,"k":[0,0],"ix":2},"r":{"a":0,"k":0,"ix":6},"sa":{"a":0,"k":0,"ix":5},"o":{"a":0,"k":100,"ix":7}}]},{"ty":"gr","bm":0,"hd":false,"mn":"ADBE Vector Group","nm":"Group 2","ix":2,"cix":2,"np":1,"it":[{"ty":"gr","bm":0,"hd":false,"mn":"ADBE Vector Group","nm":"Group 1","ix":1,"cix":2,"np":2,"it":[{"ty":"sh","bm":0,"hd":false,"mn":"ADBE Vector Shape - Group","nm":"Path 1","ix":1,"d":1,"ks":{"a":0,"k":{"c":true,"i":[[0,0],[0,0],[-4.146,38.53],[-0.071,-0.45],[-8.575,17.065],[0,0],[0,0],[0,0],[-3.103,18.773],[-0.071,0.565]],"o":[[0,0],[0,0],[0.058,0.465],[2.983,18.864],[0,0],[0,0],[0,0],[8.663,16.941],[0.09,-0.542],[4.146,38.53]],"v":[[204.562,265.599],[-148.388,265.599],[-175.25,224.633],[-175.056,226.005],[-137.817,231.493],[-133.939,223.775],[189.859,223.775],[194.015,231.902],[231.193,226.294],[231.434,224.633]]},"ix":2}},{"ty":"fl","bm":0,"hd":false,"mn":"ADBE Vector Graphic - Fill","nm":"Fill 1","c":{"a":0,"k":[0.851,0.8784,0.902],"ix":4},"r":1,"o":{"a":0,"k":100,"ix":5}},{"ty":"tr","a":{"a":0,"k":[0,0],"ix":1},"s":{"a":0,"k":[100,100],"ix":3},"sk":{"a":0,"k":0,"ix":4},"p":{"a":0,"k":[0,0],"ix":2},"r":{"a":0,"k":0,"ix":6},"sa":{"a":0,"k":0,"ix":5},"o":{"a":0,"k":100,"ix":7}}]},{"ty":"tr","a":{"a":0,"k":[0,0],"ix":1},"s":{"a":0,"k":[100,100],"ix":3},"sk":{"a":0,"k":0,"ix":4},"p":{"a":0,"k":[0,0],"ix":2},"r":{"a":0,"k":0,"ix":6},"sa":{"a":0,"k":0,"ix":5},"o":{"a":0,"k":100,"ix":7}}]},{"ty":"gr","bm":0,"hd":false,"mn":"ADBE Vector Group","nm":"Group 3","ix":3,"cix":2,"np":1,"it":[{"ty":"gr","bm":0,"hd":false,"mn":"ADBE Vector Group","nm":"Group 1","ix":1,"cix":2,"np":2,"it":[{"ty":"sh","bm":0,"hd":false,"mn":"ADBE Vector Shape - Group","nm":"Path 1","ix":1,"d":1,"ks":{"a":0,"k":{"c":false,"i":[[0,0],[-30.197,-79.792],[0,0],[0,0],[0,0],[0,0],[-24.404,64.487],[-85.506,14.138]],"o":[[85.506,14.138],[24.404,64.487],[0,0],[0,0],[0,0],[0,0],[30.197,-79.792],[0,0]],"v":[[29.034,51.762],[224.487,197.636],[204.567,265.598],[27.279,265.598],[28.904,265.598],[-148.384,265.598],[-168.304,197.636],[27.149,51.762]]},"ix":2}},{"ty":"fl","bm":0,"hd":false,"mn":"ADBE Vector Graphic - Fill","nm":"Fill 1","c":{"a":0,"k":[1,1,1],"ix":4},"r":1,"o":{"a":0,"k":100,"ix":5}},{"ty":"tr","a":{"a":0,"k":[0,0],"ix":1},"s":{"a":0,"k":[100,100],"ix":3},"sk":{"a":0,"k":0,"ix":4},"p":{"a":0,"k":[0,0],"ix":2},"r":{"a":0,"k":0,"ix":6},"sa":{"a":0,"k":0,"ix":5},"o":{"a":0,"k":100,"ix":7}}]},{"ty":"tr","a":{"a":0,"k":[0,0],"ix":1},"s":{"a":0,"k":[100,100],"ix":3},"sk":{"a":0,"k":0,"ix":4},"p":{"a":0,"k":[0,0],"ix":2},"r":{"a":0,"k":0,"ix":6},"sa":{"a":0,"k":0,"ix":5},"o":{"a":0,"k":100,"ix":7}}]},{"ty":"gr","bm":0,"hd":false,"mn":"ADBE Vector Group","nm":"Group 4","ix":4,"cix":2,"np":2,"it":[{"ty":"gr","bm":0,"hd":false,"mn":"ADBE Vector Group","nm":"Group 1","ix":1,"cix":2,"np":3,"it":[{"ty":"sh","bm":0,"hd":false,"mn":"ADBE Vector Shape - Group","nm":"Path 1","ix":1,"d":1,"ks":{"a":0,"k":{"c":true,"i":[[0,0],[7.061,-9.439],[0,-5.876],[0,0],[-4.355,-5.284],[-12.59,0],[0,0],[-6.188,11.473],[0,4.474],[0,0],[18.664,2.251],[1.847,0]],"o":[[-13.265,0],[-3.777,5.023],[0,0],[0,6.366],[7.18,8.718],[0,0],[15.024,0],[2.201,-4.054],[0,0],[0,-15.645],[-1.803,-0.226],[0,0]],"v":[[-99.284,86.596],[-131.744,101.67],[-137.515,118.327],[-137.515,230.106],[-130.858,247.916],[-99.284,261.838],[150.982,261.838],[185.899,242.952],[189.214,230.106],[189.214,118.327],[156.474,86.935],[150.982,86.596]]},"ix":2}},{"ty":"sh","bm":0,"hd":false,"mn":"ADBE Vector Shape - Group","nm":"Path 2","ix":2,"d":1,"ks":{"a":0,"k":{"c":true,"i":[[17.751,0],[0,0],[8.592,10.432],[0,8.132],[0,0],[-4.76,6.33],[-15.623,0],[0,0],[-2.096,-0.263],[0,-19.447],[0,0],[2.801,-5.158]],"o":[[0,0],[-14.813,0],[-5.478,-6.648],[0,0],[0,-7.52],[8.468,-11.32],[0,0],[2.157,0],[22.422,2.705],[0,0],[0,5.741],[-7.477,13.862]],"v":[[150.982,269.359],[-99.284,269.359],[-136.663,252.699],[-145.037,230.106],[-145.037,118.327],[-137.762,97.157],[-99.284,79.074],[150.982,79.074],[157.392,79.469],[196.735,118.327],[196.735,230.106],[192.514,246.532]]},"ix":2}},{"ty":"fl","bm":0,"hd":false,"mn":"ADBE Vector Graphic - Fill","nm":"Fill 1","c":{"a":0,"k":[0.2157,0.102,0.2706],"ix":4},"r":1,"o":{"a":0,"k":100,"ix":5}},{"ty":"tr","a":{"a":0,"k":[0,0],"ix":1},"s":{"a":0,"k":[100,100],"ix":3},"sk":{"a":0,"k":0,"ix":4},"p":{"a":0,"k":[0,0],"ix":2},"r":{"a":0,"k":0,"ix":6},"sa":{"a":0,"k":0,"ix":5},"o":{"a":0,"k":100,"ix":7}}]},{"ty":"gr","bm":0,"hd":false,"mn":"ADBE Vector Group","nm":"Group 2","ix":2,"cix":2,"np":2,"it":[{"ty":"sh","bm":0,"hd":false,"mn":"ADBE Vector Shape - Group","nm":"Path 1","ix":1,"d":1,"ks":{"a":0,"k":{"c":true,"i":[[0,-17.813],[0,0],[2.424,-4.462],[16.935,0],[0,0],[7.602,9.23],[0,7.498],[0,0],[-4.126,5.487],[-14.887,0],[0,0],[-1.948,-0.244]],"o":[[0,0],[0,5.206],[-6.621,12.278],[0,0],[-14.238,0],[-4.732,-5.743],[0,0],[0,-6.937],[7.443,-9.949],[0,0],[2.02,0],[20.311,2.451]],"v":[[192.974,118.327],[192.974,230.106],[189.209,244.737],[150.982,265.598],[-99.284,265.598],[-133.761,250.309],[-141.276,230.106],[-141.276,118.327],[-134.756,99.417],[-99.284,82.835],[150.982,82.835],[156.925,83.201]]},"ix":2}},{"ty":"fl","bm":0,"hd":false,"mn":"ADBE Vector Graphic - Fill","nm":"Fill 1","c":{"a":0,"k":[1,1,1],"ix":4},"r":1,"o":{"a":0,"k":100,"ix":5}},{"ty":"tr","a":{"a":0,"k":[0,0],"ix":1},"s":{"a":0,"k":[100,100],"ix":3},"sk":{"a":0,"k":0,"ix":4},"p":{"a":0,"k":[0,0],"ix":2},"r":{"a":0,"k":0,"ix":6},"sa":{"a":0,"k":0,"ix":5},"o":{"a":0,"k":100,"ix":7}}]},{"ty":"tr","a":{"a":0,"k":[0,0],"ix":1},"s":{"a":0,"k":[100,100],"ix":3},"sk":{"a":0,"k":0,"ix":4},"p":{"a":0,"k":[0,0],"ix":2},"r":{"a":0,"k":0,"ix":6},"sa":{"a":0,"k":0,"ix":5},"o":{"a":0,"k":100,"ix":7}}]}],"ind":5},{"ty":4,"nm":"Layer 5","sr":1,"st":0,"op":301,"ip":0,"hd":false,"ddd":0,"bm":0,"hasMask":false,"ao":0,"ks":{"a":{"a":0,"k":[11.036,295.272,0],"ix":1},"s":{"a":0,"k":[54,54,100],"ix":6},"sk":{"a":0,"k":0},"p":{"a":0,"k":[256.423,430.16,0],"ix":2},"r":{"a":0,"k":0,"ix":10},"sa":{"a":0,"k":0},"o":{"a":0,"k":100,"ix":11}},"ef":[],"shapes":[{"ty":"gr","bm":0,"hd":false,"mn":"ADBE Vector Group","nm":"Group 1","ix":1,"cix":2,"np":2,"it":[{"ty":"sh","bm":0,"hd":false,"mn":"ADBE Vector Shape - Group","nm":"Path 1","ix":1,"d":1,"ks":{"a":0,"k":{"c":true,"i":[[-51.051,-0.95],[0,0],[-60.521,0]],"o":[[0,0],[51.05,-0.95],[60.51,0]],"v":[[181.82,287.26],[-155.87,287.26],[12.98,285.78]]},"ix":2}},{"ty":"fl","bm":0,"hd":false,"mn":"ADBE Vector Graphic - Fill","nm":"Fill 1","c":{"a":0,"k":[0.8,0.8,0.8],"ix":4},"r":1,"o":{"a":0,"k":100,"ix":5}},{"ty":"tr","a":{"a":0,"k":[0,0],"ix":1},"s":{"a":0,"k":[100,100],"ix":3},"sk":{"a":0,"k":0,"ix":4},"p":{"a":0,"k":[0,0],"ix":2},"r":{"a":0,"k":0,"ix":6},"sa":{"a":0,"k":0,"ix":5},"o":{"a":0,"k":100,"ix":7}}]},{"ty":"gr","bm":0,"hd":false,"mn":"ADBE Vector Group","nm":"Group 2","ix":2,"cix":2,"np":1,"it":[{"ty":"gr","bm":0,"hd":false,"mn":"ADBE Vector Group","nm":"Group 1","ix":1,"cix":2,"np":2,"it":[{"ty":"sh","bm":0,"hd":false,"mn":"ADBE Vector Shape - Group","nm":"Path 1","ix":1,"d":1,"ks":{"a":0,"k":{"c":true,"i":[[0,-3.678],[186.689,0],[0,13.1],[-21.369,3.105],[0,0]],"o":[[0,13.1],[-186.689,0],[0,-3.678],[0,0],[21.369,3.105]],"v":[[349.073,308.096],[11.036,331.823],[-327.001,308.096],[-293.664,297.815],[315.737,297.815]]},"ix":2}},{"ty":"fl","bm":0,"hd":false,"mn":"ADBE Vector Graphic - Fill","nm":"Fill 1","c":{"a":0,"k":[0.8,0.8,0.8],"ix":4},"r":1,"o":{"a":0,"k":100,"ix":5}},{"ty":"tr","a":{"a":0,"k":[0,0],"ix":1},"s":{"a":0,"k":[100,100],"ix":3},"sk":{"a":0,"k":0,"ix":4},"p":{"a":0,"k":[0,0],"ix":2},"r":{"a":0,"k":0,"ix":6},"sa":{"a":0,"k":0,"ix":5},"o":{"a":0,"k":100,"ix":7}}]},{"ty":"tr","a":{"a":0,"k":[0,0],"ix":1},"s":{"a":0,"k":[100,100],"ix":3},"sk":{"a":0,"k":0,"ix":4},"p":{"a":0,"k":[0,0],"ix":2},"r":{"a":0,"k":0,"ix":6},"sa":{"a":0,"k":0,"ix":5},"o":{"a":0,"k":100,"ix":7}}]},{"ty":"gr","bm":0,"hd":false,"mn":"ADBE Vector Group","nm":"Group 3","ix":3,"cix":2,"np":1,"it":[{"ty":"gr","bm":0,"hd":false,"mn":"ADBE Vector Group","nm":"Group 1","ix":1,"cix":2,"np":2,"it":[{"ty":"sh","bm":0,"hd":false,"mn":"ADBE Vector Shape - Group","nm":"Path 1","ix":1,"d":1,"ks":{"a":0,"k":{"c":true,"i":[[0,0],[0,0],[0,8.005],[0,0],[7.751,0],[0,0],[236.27,6.915]],"o":[[0,0],[7.751,0],[0,0],[0,-8.005],[0,0],[-7.635,4.304],[0,0]],"v":[[-208.026,294.586],[271.757,294.586],[285.791,280.092],[285.791,280.092],[271.757,265.598],[78.575,265.598],[-222.563,289.658]]},"ix":2}},{"ty":"fl","bm":1,"hd":false,"mn":"ADBE Vector Graphic - Fill","nm":"Fill 1","c":{"a":0,"k":[0.2157,0.102,0.2706],"ix":4},"r":1,"o":{"a":0,"k":100,"ix":5}},{"ty":"tr","a":{"a":0,"k":[0,0],"ix":1},"s":{"a":0,"k":[100,100],"ix":3},"sk":{"a":0,"k":0,"ix":4},"p":{"a":0,"k":[0,0],"ix":2},"r":{"a":0,"k":0,"ix":6},"sa":{"a":0,"k":0,"ix":5},"o":{"a":0,"k":100,"ix":7}}]},{"ty":"tr","a":{"a":0,"k":[0,0],"ix":1},"s":{"a":0,"k":[100,100],"ix":3},"sk":{"a":0,"k":0,"ix":4},"p":{"a":0,"k":[0,0],"ix":2},"r":{"a":0,"k":0,"ix":6},"sa":{"a":0,"k":0,"ix":5},"o":{"a":0,"k":100,"ix":7}}]},{"ty":"gr","bm":0,"hd":false,"mn":"ADBE Vector Group","nm":"Group 4","ix":4,"cix":2,"np":1,"it":[{"ty":"gr","bm":0,"hd":false,"mn":"ADBE Vector Group","nm":"Group 1","ix":1,"cix":2,"np":2,"it":[{"ty":"sh","bm":0,"hd":false,"mn":"ADBE Vector Shape - Group","nm":"Path 1","ix":1,"d":1,"ks":{"a":0,"k":{"c":true,"i":[[3.436,0],[0,0],[0,0],[0,0],[0,-5.624],[-3.415,-1.607],[0,2.075],[-5.446,0],[0,0],[-8.325,0],[-2.162,2.477],[0,0],[-1.244,-0.586]],"o":[[0,0],[0,0],[0,0],[-5.446,0],[0,4.122],[-1.035,-1.613],[0,-5.624],[0,0],[2.162,2.477],[8.325,0],[0,0],[1.454,0],[-1.77,-2.757]],"v":[[271.757,269.892],[-135.35,269.892],[-169.434,269.892],[-215.806,269.892],[-225.682,280.092],[-219.882,289.371],[-221.524,283.753],[-211.648,273.553],[-169.882,273.553],[-152.392,277.848],[-134.902,273.553],[275.915,273.553],[279.991,274.474]]},"ix":2}},{"ty":"fl","bm":0,"hd":false,"mn":"ADBE Vector Graphic - Fill","nm":"Fill 1","c":{"a":0,"k":[1,1,1],"ix":4},"r":1,"o":{"a":0,"k":100,"ix":5}},{"ty":"tr","a":{"a":0,"k":[0,0],"ix":1},"s":{"a":0,"k":[100,100],"ix":3},"sk":{"a":0,"k":0,"ix":4},"p":{"a":0,"k":[0,0],"ix":2},"r":{"a":0,"k":0,"ix":6},"sa":{"a":0,"k":0,"ix":5},"o":{"a":0,"k":100,"ix":7}}]},{"ty":"tr","a":{"a":0,"k":[0,0],"ix":1},"s":{"a":0,"k":[100,100],"ix":3},"sk":{"a":0,"k":0,"ix":4},"p":{"a":0,"k":[0,0],"ix":2},"r":{"a":0,"k":0,"ix":6},"sa":{"a":0,"k":0,"ix":5},"o":{"a":0,"k":100,"ix":7}}]},{"ty":"gr","bm":0,"hd":false,"mn":"ADBE Vector Group","nm":"Group 5","ix":5,"cix":2,"np":1,"it":[{"ty":"gr","bm":0,"hd":false,"mn":"ADBE Vector Group","nm":"Group 1","ix":1,"cix":2,"np":3,"it":[{"ty":"sh","bm":0,"hd":false,"mn":"ADBE Vector Shape - Group","nm":"Path 1","ix":1,"d":1,"ks":{"a":0,"k":{"c":true,"i":[[0,0],[0,-5.789],[0,0],[-5.791,0],[0,0],[0,5.791],[0,0],[5.791,0]],"o":[[-5.791,0],[0,0],[0,5.791],[0,0],[5.791,0],[0,0],[0,-5.789],[0,0]],"v":[[-215.578,269.359],[-226.08,279.859],[-226.08,280.324],[-215.578,290.826],[271.529,290.826],[282.03,280.324],[282.03,279.859],[271.529,269.359]]},"ix":2}},{"ty":"sh","bm":0,"hd":false,"mn":"ADBE Vector Shape - Group","nm":"Path 2","ix":2,"d":1,"ks":{"a":0,"k":{"c":true,"i":[[9.938,0],[0,0],[0,9.938],[0,0],[-9.938,0],[0,0],[0,-9.938],[0,0]],"o":[[0,0],[-9.938,0],[0,0],[0,-9.938],[0,0],[9.938,0],[0,0],[0,9.938]],"v":[[271.529,298.347],[-215.578,298.347],[-233.601,280.324],[-233.601,279.859],[-215.578,261.838],[271.529,261.838],[289.552,279.859],[289.552,280.324]]},"ix":2}},{"ty":"fl","bm":0,"hd":false,"mn":"ADBE Vector Graphic - Fill","nm":"Fill 1","c":{"a":0,"k":[0.0902,0.1529,0.2275],"ix":4},"r":1,"o":{"a":0,"k":100,"ix":5}},{"ty":"tr","a":{"a":0,"k":[0,0],"ix":1},"s":{"a":0,"k":[100,100],"ix":3},"sk":{"a":0,"k":0,"ix":4},"p":{"a":0,"k":[0,0],"ix":2},"r":{"a":0,"k":0,"ix":6},"sa":{"a":0,"k":0,"ix":5},"o":{"a":0,"k":100,"ix":7}}]},{"ty":"tr","a":{"a":0,"k":[0,0],"ix":1},"s":{"a":0,"k":[100,100],"ix":3},"sk":{"a":0,"k":0,"ix":4},"p":{"a":0,"k":[0,0],"ix":2},"r":{"a":0,"k":0,"ix":6},"sa":{"a":0,"k":0,"ix":5},"o":{"a":0,"k":100,"ix":7}}]},{"ty":"gr","bm":0,"hd":false,"mn":"ADBE Vector Group","nm":"Group 6","ix":6,"cix":2,"np":2,"it":[{"ty":"gr","bm":0,"hd":false,"mn":"ADBE Vector Group","nm":"Group 1","ix":1,"cix":2,"np":3,"it":[{"ty":"sh","bm":0,"hd":false,"mn":"ADBE Vector Shape - Group","nm":"Path 1","ix":1,"d":1,"ks":{"a":0,"k":{"c":true,"i":[[0,0],[0,-7.564],[0,0],[-7.565,0],[0,0],[0,7.565],[0,0],[7.565,0]],"o":[[-7.565,0],[0,0],[0,7.565],[0,0],[7.565,0],[0,0],[0,-7.564],[0,0]],"v":[[-215.578,266.141],[-229.298,279.859],[-229.298,280.324],[-215.578,294.044],[271.529,294.044],[285.249,280.324],[285.249,279.859],[271.529,266.141]]},"ix":2}},{"ty":"sh","bm":0,"hd":false,"mn":"ADBE Vector Shape - Group","nm":"Path 2","ix":2,"d":1,"ks":{"a":0,"k":{"c":true,"i":[[8.163,0],[0,0],[0,8.164],[0,0],[-8.163,0],[0,0],[0,-8.163],[0,0]],"o":[[0,0],[-8.163,0],[0,0],[0,-8.163],[0,0],[8.163,0],[0,0],[0,8.164]],"v":[[271.528,295.129],[-215.578,295.129],[-230.383,280.324],[-230.383,279.859],[-215.578,265.055],[271.528,265.055],[286.333,279.859],[286.333,280.324]]},"ix":2}},{"ty":"fl","bm":0,"hd":false,"mn":"ADBE Vector Graphic - Fill","nm":"Fill 1","c":{"a":0,"k":[0.0902,0.1529,0.2275],"ix":4},"r":1,"o":{"a":0,"k":100,"ix":5}},{"ty":"tr","a":{"a":0,"k":[0,0],"ix":1},"s":{"a":0,"k":[100,100],"ix":3},"sk":{"a":0,"k":0,"ix":4},"p":{"a":0,"k":[0,0],"ix":2},"r":{"a":0,"k":0,"ix":6},"sa":{"a":0,"k":0,"ix":5},"o":{"a":0,"k":100,"ix":7}}]},{"ty":"gr","bm":0,"hd":false,"mn":"ADBE Vector Group","nm":"Group 2","ix":2,"cix":2,"np":2,"it":[{"ty":"sh","bm":0,"hd":false,"mn":"ADBE Vector Shape - Group","nm":"Path 1","ix":1,"d":1,"ks":{"a":0,"k":{"c":true,"i":[[7.877,0],[0,0],[0,7.877],[0,0],[-7.877,0],[0,0],[0,-7.877],[0,0]],"o":[[0,0],[-7.877,0],[0,0],[0,-7.877],[0,0],[7.877,0],[0,0],[0,7.877]],"v":[[271.529,294.586],[-215.578,294.586],[-229.84,280.324],[-229.84,279.86],[-215.578,265.598],[271.529,265.598],[285.791,279.86],[285.791,280.324]]},"ix":2}},{"ty":"fl","bm":0,"hd":false,"mn":"ADBE Vector Graphic - Fill","nm":"Fill 1","c":{"a":0,"k":[0.2157,0.102,0.2706],"ix":4},"r":1,"o":{"a":0,"k":100,"ix":5}},{"ty":"tr","a":{"a":0,"k":[0,0],"ix":1},"s":{"a":0,"k":[100,100],"ix":3},"sk":{"a":0,"k":0,"ix":4},"p":{"a":0,"k":[0,0],"ix":2},"r":{"a":0,"k":0,"ix":6},"sa":{"a":0,"k":0,"ix":5},"o":{"a":0,"k":100,"ix":7}}]},{"ty":"tr","a":{"a":0,"k":[0,0],"ix":1},"s":{"a":0,"k":[100,100],"ix":3},"sk":{"a":0,"k":0,"ix":4},"p":{"a":0,"k":[0,0],"ix":2},"r":{"a":0,"k":0,"ix":6},"sa":{"a":0,"k":0,"ix":5},"o":{"a":0,"k":100,"ix":7}}]},{"ty":"gr","bm":0,"hd":false,"mn":"ADBE Vector Group","nm":"Group 7","ix":7,"cix":2,"np":1,"it":[{"ty":"gr","bm":0,"hd":false,"mn":"ADBE Vector Group","nm":"Group 1","ix":1,"cix":2,"np":2,"it":[{"ty":"sh","bm":0,"hd":false,"mn":"ADBE Vector Shape - Group","nm":"Path 1","ix":1,"d":1,"ks":{"a":0,"k":{"c":true,"i":[[-0.541,0.086],[-12.6,0.245],[-6.3,-0.035],[-6.3,-0.066],[-12.6,0.019],[0,0],[0,0],[0,0],[0,0],[0,0],[0,0],[0,0],[-12.599,-2.758],[0.155,-0.709],[0.485,-0.107],[12.6,0.045],[0,0],[0,0],[0,0],[0,0],[0,0],[0,0],[0,0],[12.6,-0.117],[6.3,0.01],[6.3,0.135],[12.6,1.995],[-0.112,0.709]],"o":[[12.6,-1.995],[6.3,-0.135],[6.3,-0.01],[12.6,0.117],[0,0],[0,0],[0,0],[0,0],[0,0],[0,0],[0,0],[12.6,-0.045],[0.709,0.155],[-0.113,0.518],[-12.599,2.758],[0,0],[0,0],[0,0],[0,0],[0,0],[0,0],[0,0],[-12.6,-0.019],[-6.3,0.065],[-6.3,0.035],[-12.6,-0.245],[-0.709,-0.112],[0.09,-0.571]],"v":[[-274.416,294.815],[-236.617,292.098],[-217.718,291.971],[-198.818,292.118],[-161.019,292.246],[-123.22,292.246],[27.975,292.246],[179.171,292.246],[254.769,292.246],[273.668,292.239],[283.118,292.147],[292.568,291.987],[330.367,294.815],[331.37,296.381],[330.367,297.384],[292.568,300.212],[283.118,300.052],[273.668,299.96],[254.769,299.953],[179.171,299.953],[27.975,299.953],[-123.22,299.953],[-161.019,299.953],[-198.818,300.081],[-217.718,300.229],[-236.617,300.102],[-274.416,297.384],[-275.497,295.897]]},"ix":2}},{"ty":"fl","bm":0,"hd":false,"mn":"ADBE Vector Graphic - Fill","nm":"Fill 1","c":{"a":0,"k":[0.0902,0.1529,0.2275],"ix":4},"r":1,"o":{"a":0,"k":100,"ix":5}},{"ty":"tr","a":{"a":0,"k":[0,0],"ix":1},"s":{"a":0,"k":[100,100],"ix":3},"sk":{"a":0,"k":0,"ix":4},"p":{"a":0,"k":[0,0],"ix":2},"r":{"a":0,"k":0,"ix":6},"sa":{"a":0,"k":0,"ix":5},"o":{"a":0,"k":100,"ix":7}}]},{"ty":"tr","a":{"a":0,"k":[0,0],"ix":1},"s":{"a":0,"k":[100,100],"ix":3},"sk":{"a":0,"k":0,"ix":4},"p":{"a":0,"k":[0,0],"ix":2},"r":{"a":0,"k":0,"ix":6},"sa":{"a":0,"k":0,"ix":5},"o":{"a":0,"k":100,"ix":7}}]},{"ty":"gr","bm":0,"hd":false,"mn":"ADBE Vector Group","nm":"Group 8","ix":8,"cix":2,"np":2,"it":[{"ty":"gr","bm":0,"hd":false,"mn":"ADBE Vector Group","nm":"Group 1","ix":1,"cix":2,"np":2,"it":[{"ty":"sh","bm":0,"hd":false,"mn":"ADBE Vector Shape - Group","nm":"Path 1","ix":1,"d":1,"ks":{"a":0,"k":{"c":true,"i":[[0,0],[14.069,-8.52]],"o":[[-12.65,10.48],[0,0]],"v":[[221.95,258.72],[181.82,287.26]]},"ix":2}},{"ty":"fl","bm":0,"hd":false,"mn":"ADBE Vector Graphic - Fill","nm":"Fill 1","c":{"a":0,"k":[0.0902,0.1529,0.2275],"ix":4},"r":1,"o":{"a":0,"k":100,"ix":5}},{"ty":"tr","a":{"a":0,"k":[0,0],"ix":1},"s":{"a":0,"k":[100,100],"ix":3},"sk":{"a":0,"k":0,"ix":4},"p":{"a":0,"k":[0,0],"ix":2},"r":{"a":0,"k":0,"ix":6},"sa":{"a":0,"k":0,"ix":5},"o":{"a":0,"k":100,"ix":7}}]},{"ty":"gr","bm":0,"hd":false,"mn":"ADBE Vector Group","nm":"Group 2","ix":2,"cix":2,"np":2,"it":[{"ty":"sh","bm":0,"hd":false,"mn":"ADBE Vector Shape - Group","nm":"Path 1","ix":1,"d":1,"ks":{"a":0,"k":{"c":true,"i":[[12.66,10.48],[0,0]],"o":[[0,0],[-14.07,-8.51]],"v":[[-196,258.72],[-155.87,287.26]]},"ix":2}},{"ty":"fl","bm":0,"hd":false,"mn":"ADBE Vector Graphic - Fill","nm":"Fill 1","c":{"a":0,"k":[0.0902,0.1529,0.2275],"ix":4},"r":1,"o":{"a":0,"k":100,"ix":5}},{"ty":"tr","a":{"a":0,"k":[0,0],"ix":1},"s":{"a":0,"k":[100,100],"ix":3},"sk":{"a":0,"k":0,"ix":4},"p":{"a":0,"k":[0,0],"ix":2},"r":{"a":0,"k":0,"ix":6},"sa":{"a":0,"k":0,"ix":5},"o":{"a":0,"k":100,"ix":7}}]},{"ty":"tr","a":{"a":0,"k":[0,0],"ix":1},"s":{"a":0,"k":[100,100],"ix":3},"sk":{"a":0,"k":0,"ix":4},"p":{"a":0,"k":[0,0],"ix":2},"r":{"a":0,"k":0,"ix":6},"sa":{"a":0,"k":0,"ix":5},"o":{"a":0,"k":100,"ix":7}}]}],"ind":6},{"ty":0,"nm":"Pre-comp 1","sr":1,"st":0,"op":301,"ip":0,"hd":false,"ddd":0,"bm":0,"hasMask":false,"ao":0,"ks":{"a":{"a":0,"k":[500,500,0],"ix":1},"s":{"a":0,"k":[54,54,100],"ix":6},"sk":{"a":0,"k":0},"p":{"a":0,"k":[250.463,270.714,0],"ix":2},"r":{"a":0,"k":0,"ix":10},"sa":{"a":0,"k":0},"o":{"a":0,"k":100,"ix":11}},"ef":[],"w":1000,"h":1000,"refId":"comp_0","ind":7}],"v":"5.7.11","fr":60,"op":301,"ip":0,"assets":[{"nm":"","id":"comp_0","layers":[{"ty":4,"nm":"Layer 10","sr":1,"st":0,"op":301,"ip":0,"hd":false,"ddd":0,"bm":0,"hasMask":false,"ao":0,"ks":{"a":{"a":0,"k":[0,0,0],"ix":1},"s":{"a":1,"k":[{"o":{"x":0.167,"y":0.167},"i":{"x":0.833,"y":0.833},"s":[100,100,100],"t":0},{"o":{"x":0.167,"y":0.167},"i":{"x":0.833,"y":0.833},"s":[50,50,100],"t":134},{"s":[100,100,100],"t":300}],"ix":6},"sk":{"a":0,"k":0},"p":{"a":0,"k":[643.326,253.47,0],"ix":2},"r":{"a":1,"k":[{"o":{"x":0.167,"y":0.167},"i":{"x":0.833,"y":0.833},"s":[0],"t":0},{"s":[360],"t":300}],"ix":10},"sa":{"a":0,"k":0},"o":{"a":0,"k":100,"ix":11}},"ef":[],"shapes":[{"ty":"gr","bm":0,"hd":false,"mn":"ADBE Vector Group","nm":"Group 1","ix":1,"cix":2,"np":2,"it":[{"ty":"sh","bm":0,"hd":false,"mn":"ADBE Vector Shape - Group","nm":"Path 1","ix":1,"d":1,"ks":{"a":0,"k":{"c":true,"i":[[0,0],[0,0],[-0.22,-1.427],[0,0],[0,0],[-1.427,0.22],[0,0],[0,0],[0.22,1.427],[0,0],[0,0],[1.427,-0.22]],"o":[[0,0],[1.427,0.22],[0,0],[0,0],[0.22,-1.427],[0,0],[0,0],[-1.427,-0.22],[0,0],[0,0],[-0.22,1.427],[0,0]],"v":[[-10.992,0],[-3.868,1.1],[-1.1,3.868],[0,10.991],[1.1,3.868],[3.868,1.1],[10.992,0],[3.868,-1.1],[1.1,-3.868],[0,-10.991],[-1.1,-3.868],[-3.868,-1.1]]},"ix":2}},{"ty":"fl","bm":0,"hd":false,"mn":"ADBE Vector Graphic - Fill","nm":"Fill 1","c":{"a":0,"k":[0.2157,0.102,0.2706],"ix":4},"r":1,"o":{"a":0,"k":100,"ix":5}},{"ty":"tr","a":{"a":0,"k":[0,0],"ix":1},"s":{"a":0,"k":[100,100],"ix":3},"sk":{"a":0,"k":0,"ix":4},"p":{"a":0,"k":[0,0],"ix":2},"r":{"a":0,"k":0,"ix":6},"sa":{"a":0,"k":0,"ix":5},"o":{"a":0,"k":100,"ix":7}}]}],"ind":1},{"ty":4,"nm":"Layer 9","sr":1,"st":0,"op":301,"ip":0,"hd":false,"ddd":0,"bm":0,"hasMask":false,"ao":0,"ks":{"a":{"a":0,"k":[0,0,0],"ix":1},"s":{"a":1,"k":[{"o":{"x":0.167,"y":0.167},"i":{"x":0.833,"y":0.833},"s":[100,100,100],"t":0},{"o":{"x":0.167,"y":0.167},"i":{"x":0.833,"y":0.833},"s":[50,50,100],"t":134},{"s":[100,100,100],"t":300}],"ix":6},"sk":{"a":0,"k":0},"p":{"a":0,"k":[286.962,354.749,0],"ix":2},"r":{"a":1,"k":[{"o":{"x":0.167,"y":0.167},"i":{"x":0.833,"y":0.833},"s":[0],"t":0},{"s":[360],"t":300}],"ix":10},"sa":{"a":0,"k":0},"o":{"a":0,"k":100,"ix":11}},"ef":[],"shapes":[{"ty":"gr","bm":0,"hd":false,"mn":"ADBE Vector Group","nm":"Group 1","ix":1,"cix":2,"np":2,"it":[{"ty":"sh","bm":0,"hd":false,"mn":"ADBE Vector Shape - Group","nm":"Path 1","ix":1,"d":1,"ks":{"a":0,"k":{"c":true,"i":[[0,0],[0,0],[0.229,-1.481],[0,0],[0,0],[1.481,0.229],[0,0],[0,0],[-0.229,1.481],[0,0],[0,0],[-1.481,-0.229]],"o":[[0,0],[-1.481,0.229],[0,0],[0,0],[-0.229,-1.481],[0,0],[0,0],[1.481,-0.229],[0,0],[0,0],[0.229,1.481],[0,0]],"v":[[11.408,0],[4.014,1.142],[1.142,4.014],[0,11.408],[-1.142,4.014],[-4.014,1.142],[-11.408,0],[-4.014,-1.142],[-1.142,-4.014],[0,-11.408],[1.142,-4.014],[4.014,-1.142]]},"ix":2}},{"ty":"fl","bm":0,"hd":false,"mn":"ADBE Vector Graphic - Fill","nm":"Fill 1","c":{"a":0,"k":[0.2157,0.102,0.2706],"ix":4},"r":1,"o":{"a":0,"k":100,"ix":5}},{"ty":"tr","a":{"a":0,"k":[0,0],"ix":1},"s":{"a":0,"k":[100,100],"ix":3},"sk":{"a":0,"k":0,"ix":4},"p":{"a":0,"k":[0,0],"ix":2},"r":{"a":0,"k":0,"ix":6},"sa":{"a":0,"k":0,"ix":5},"o":{"a":0,"k":100,"ix":7}}]}],"ind":2},{"ty":4,"nm":"Layer 8","sr":1,"st":0,"op":301,"ip":0,"hd":false,"ddd":0,"bm":0,"hasMask":false,"ao":0,"ks":{"a":{"a":0,"k":[0,0,0],"ix":1},"s":{"a":1,"k":[{"o":{"x":0.167,"y":0.167},"i":{"x":0.833,"y":0.833},"s":[100,100,100],"t":0},{"o":{"x":0.167,"y":0.167},"i":{"x":0.833,"y":0.833},"s":[50,50,100],"t":134},{"s":[100,100,100],"t":300}],"ix":6},"sk":{"a":0,"k":0},"p":{"a":0,"k":[338.13,297.421,0],"ix":2},"r":{"a":1,"k":[{"o":{"x":0.167,"y":0.167},"i":{"x":0.833,"y":0.833},"s":[0],"t":0},{"s":[360],"t":300}],"ix":10},"sa":{"a":0,"k":0},"o":{"a":0,"k":100,"ix":11}},"ef":[],"shapes":[{"ty":"gr","bm":0,"hd":false,"mn":"ADBE Vector Group","nm":"Group 1","ix":1,"cix":2,"np":2,"it":[{"ty":"sh","bm":0,"hd":false,"mn":"ADBE Vector Shape - Group","nm":"Path 1","ix":1,"d":1,"ks":{"a":0,"k":{"c":true,"i":[[0,0],[0,0],[0.22,-1.427],[0,0],[0,0],[1.427,0.22],[0,0],[0,0],[-0.22,1.427],[0,0],[0,0],[-1.427,-0.22]],"o":[[0,0],[-1.427,0.22],[0,0],[0,0],[-0.22,-1.427],[0,0],[0,0],[1.427,-0.22],[0,0],[0,0],[0.22,1.427],[0,0]],"v":[[10.992,0],[3.868,1.1],[1.1,3.868],[0,10.991],[-1.1,3.868],[-3.868,1.1],[-10.992,0],[-3.868,-1.1],[-1.1,-3.868],[0,-10.991],[1.1,-3.868],[3.868,-1.1]]},"ix":2}},{"ty":"fl","bm":0,"hd":false,"mn":"ADBE Vector Graphic - Fill","nm":"Fill 1","c":{"a":0,"k":[0.2157,0.102,0.2706],"ix":4},"r":1,"o":{"a":0,"k":100,"ix":5}},{"ty":"tr","a":{"a":0,"k":[0,0],"ix":1},"s":{"a":0,"k":[100,100],"ix":3},"sk":{"a":0,"k":0,"ix":4},"p":{"a":0,"k":[0,0],"ix":2},"r":{"a":0,"k":0,"ix":6},"sa":{"a":0,"k":0,"ix":5},"o":{"a":0,"k":100,"ix":7}}]}],"ind":3},{"ty":4,"nm":"Layer 7","sr":1,"st":0,"op":301,"ip":0,"hd":false,"ddd":0,"bm":0,"hasMask":false,"ao":0,"ks":{"a":{"a":0,"k":[0,0,0],"ix":1},"s":{"a":1,"k":[{"o":{"x":0.167,"y":0.167},"i":{"x":0.833,"y":0.833},"s":[100,100,100],"t":0},{"o":{"x":0.167,"y":0.167},"i":{"x":0.833,"y":0.833},"s":[50,50,100],"t":134},{"s":[100,100,100],"t":300}],"ix":6},"sk":{"a":0,"k":0},"p":{"a":0,"k":[760.846,475.681,0],"ix":2},"r":{"a":1,"k":[{"o":{"x":0.167,"y":0.167},"i":{"x":0.833,"y":0.833},"s":[0],"t":0},{"s":[360],"t":300}],"ix":10},"sa":{"a":0,"k":0},"o":{"a":0,"k":100,"ix":11}},"ef":[],"shapes":[{"ty":"gr","bm":0,"hd":false,"mn":"ADBE Vector Group","nm":"Group 1","ix":1,"cix":2,"np":2,"it":[{"ty":"sh","bm":0,"hd":false,"mn":"ADBE Vector Shape - Group","nm":"Path 1","ix":1,"d":1,"ks":{"a":0,"k":{"c":true,"i":[[0,0],[0,0],[-0.202,-1.31],[0,0],[0,0],[-1.31,0.202],[0,0],[0,0],[0.202,1.31],[0,0],[0,0],[1.31,-0.202]],"o":[[0,0],[1.31,0.202],[0,0],[0,0],[0.202,-1.31],[0,0],[0,0],[-1.31,-0.202],[0,0],[0,0],[-0.202,1.31],[0,0]],"v":[[-10.086,0],[-3.549,1.009],[-1.009,3.549],[0,10.086],[1.009,3.549],[3.549,1.009],[10.086,0],[3.549,-1.009],[1.009,-3.549],[0,-10.086],[-1.009,-3.549],[-3.549,-1.009]]},"ix":2}},{"ty":"fl","bm":0,"hd":false,"mn":"ADBE Vector Graphic - Fill","nm":"Fill 1","c":{"a":0,"k":[0.2157,0.102,0.2706],"ix":4},"r":1,"o":{"a":0,"k":100,"ix":5}},{"ty":"tr","a":{"a":0,"k":[0,0],"ix":1},"s":{"a":0,"k":[100,100],"ix":3},"sk":{"a":0,"k":0,"ix":4},"p":{"a":0,"k":[0,0],"ix":2},"r":{"a":0,"k":0,"ix":6},"sa":{"a":0,"k":0,"ix":5},"o":{"a":0,"k":100,"ix":7}}]}],"ind":4},{"ty":4,"nm":"Layer 6","sr":1,"st":0,"op":301,"ip":0,"hd":false,"ddd":0,"bm":0,"hasMask":false,"ao":0,"ks":{"a":{"a":0,"k":[0,0,0],"ix":1},"s":{"a":1,"k":[{"o":{"x":0.167,"y":0.167},"i":{"x":0.833,"y":0.833},"s":[100,100,100],"t":0},{"o":{"x":0.167,"y":0.167},"i":{"x":0.833,"y":0.833},"s":[50,50,100],"t":134},{"s":[100,100,100],"t":300}],"ix":6},"sk":{"a":0,"k":0},"p":{"a":0,"k":[744.241,586.687,0],"ix":2},"r":{"a":1,"k":[{"o":{"x":0.167,"y":0.167},"i":{"x":0.833,"y":0.833},"s":[0],"t":0},{"s":[360],"t":300}],"ix":10},"sa":{"a":0,"k":0},"o":{"a":0,"k":100,"ix":11}},"ef":[],"shapes":[{"ty":"gr","bm":0,"hd":false,"mn":"ADBE Vector Group","nm":"Group 1","ix":1,"cix":2,"np":2,"it":[{"ty":"sh","bm":0,"hd":false,"mn":"ADBE Vector Shape - Group","nm":"Path 1","ix":1,"d":1,"ks":{"a":0,"k":{"c":true,"i":[[0,0],[0,0],[-0.271,-1.756],[0,0],[0,0],[-1.756,0.271],[0,0],[0,0],[0.271,1.756],[0,0],[0,0],[1.756,-0.271]],"o":[[0,0],[1.756,0.271],[0,0],[0,0],[0.271,-1.756],[0,0],[0,0],[-1.756,-0.271],[0,0],[0,0],[-0.271,1.756],[0,0]],"v":[[-13.525,0],[-4.759,1.353],[-1.353,4.759],[0,13.525],[1.353,4.759],[4.759,1.353],[13.525,0],[4.759,-1.354],[1.353,-4.759],[0,-13.525],[-1.353,-4.759],[-4.759,-1.354]]},"ix":2}},{"ty":"fl","bm":0,"hd":false,"mn":"ADBE Vector Graphic - Fill","nm":"Fill 1","c":{"a":0,"k":[0.2157,0.102,0.2706],"ix":4},"r":1,"o":{"a":0,"k":100,"ix":5}},{"ty":"tr","a":{"a":0,"k":[0,0],"ix":1},"s":{"a":0,"k":[100,100],"ix":3},"sk":{"a":0,"k":0,"ix":4},"p":{"a":0,"k":[0,0],"ix":2},"r":{"a":0,"k":0,"ix":6},"sa":{"a":0,"k":0,"ix":5},"o":{"a":0,"k":100,"ix":7}}]}],"ind":5},{"ty":4,"nm":"Layer 5","sr":1,"st":0,"op":301,"ip":0,"hd":false,"ddd":0,"bm":0,"hasMask":false,"ao":0,"ks":{"a":{"a":0,"k":[0,0,0],"ix":1},"s":{"a":1,"k":[{"o":{"x":0.167,"y":0.167},"i":{"x":0.833,"y":0.833},"s":[100,100,100],"t":0},{"o":{"x":0.167,"y":0.167},"i":{"x":0.833,"y":0.833},"s":[50,50,100],"t":134},{"s":[100,100,100],"t":300}],"ix":6},"sk":{"a":0,"k":0},"p":{"a":0,"k":[801.333,526.574,0],"ix":2},"r":{"a":1,"k":[{"o":{"x":0.167,"y":0.167},"i":{"x":0.833,"y":0.833},"s":[0],"t":0},{"s":[360],"t":300}],"ix":10},"sa":{"a":0,"k":0},"o":{"a":0,"k":100,"ix":11}},"ef":[],"shapes":[{"ty":"gr","bm":0,"hd":false,"mn":"ADBE Vector Group","nm":"Group 1","ix":1,"cix":2,"np":2,"it":[{"ty":"sh","bm":0,"hd":false,"mn":"ADBE Vector Shape - Group","nm":"Path 1","ix":1,"d":1,"ks":{"a":0,"k":{"c":true,"i":[[0,0],[0,0],[-0.289,-1.872],[0,0],[0,0],[-1.872,0.289],[0,0],[0,0],[0.289,1.872],[0,0],[0,0],[1.872,-0.289]],"o":[[0,0],[1.872,0.289],[0,0],[0,0],[0.289,-1.872],[0,0],[0,0],[-1.872,-0.289],[0,0],[0,0],[-0.289,1.872],[0,0]],"v":[[-14.415,0],[-5.072,1.442],[-1.443,5.072],[0,14.415],[1.443,5.072],[5.072,1.442],[14.415,0],[5.072,-1.443],[1.443,-5.072],[0,-14.415],[-1.443,-5.072],[-5.072,-1.443]]},"ix":2}},{"ty":"fl","bm":0,"hd":false,"mn":"ADBE Vector Graphic - Fill","nm":"Fill 1","c":{"a":0,"k":[0.2157,0.102,0.2706],"ix":4},"r":1,"o":{"a":0,"k":100,"ix":5}},{"ty":"tr","a":{"a":0,"k":[0,0],"ix":1},"s":{"a":0,"k":[100,100],"ix":3},"sk":{"a":0,"k":0,"ix":4},"p":{"a":0,"k":[0,0],"ix":2},"r":{"a":0,"k":0,"ix":6},"sa":{"a":0,"k":0,"ix":5},"o":{"a":0,"k":100,"ix":7}}]}],"ind":6},{"ty":4,"nm":"Layer 4","sr":1,"st":0,"op":301,"ip":0,"hd":false,"ddd":0,"bm":0,"hasMask":false,"ao":0,"ks":{"a":{"a":0,"k":[0,0,0],"ix":1},"s":{"a":1,"k":[{"o":{"x":0.167,"y":0.167},"i":{"x":0.833,"y":0.833},"s":[100,100,100],"t":0},{"o":{"x":0.167,"y":0.167},"i":{"x":0.833,"y":0.833},"s":[50,50,100],"t":134},{"s":[100,100,100],"t":300}],"ix":6},"sk":{"a":0,"k":0},"p":{"a":0,"k":[239.676,506.094,0],"ix":2},"r":{"a":1,"k":[{"o":{"x":0.167,"y":0.167},"i":{"x":0.833,"y":0.833},"s":[0],"t":0},{"s":[360],"t":300}],"ix":10},"sa":{"a":0,"k":0},"o":{"a":0,"k":100,"ix":11}},"ef":[],"shapes":[{"ty":"gr","bm":0,"hd":false,"mn":"ADBE Vector Group","nm":"Group 1","ix":1,"cix":2,"np":2,"it":[{"ty":"sh","bm":0,"hd":false,"mn":"ADBE Vector Shape - Group","nm":"Path 1","ix":1,"d":1,"ks":{"a":0,"k":{"c":true,"i":[[0,0],[0,0],[0.197,-1.275],[0,0],[0,0],[1.275,0.197],[0,0],[0,0],[-0.197,1.275],[0,0],[0,0],[-1.275,-0.197]],"o":[[0,0],[-1.275,0.197],[0,0],[0,0],[-0.197,-1.275],[0,0],[0,0],[1.275,-0.197],[0,0],[0,0],[0.197,1.275],[0,0]],"v":[[9.818,0],[3.455,0.982],[0.982,3.454],[0,9.817],[-0.982,3.454],[-3.455,0.982],[-9.818,0],[-3.455,-0.983],[-0.982,-3.455],[0,-9.817],[0.982,-3.455],[3.455,-0.983]]},"ix":2}},{"ty":"fl","bm":0,"hd":false,"mn":"ADBE Vector Graphic - Fill","nm":"Fill 1","c":{"a":0,"k":[0.2157,0.102,0.2706],"ix":4},"r":1,"o":{"a":0,"k":100,"ix":5}},{"ty":"tr","a":{"a":0,"k":[0,0],"ix":1},"s":{"a":0,"k":[100,100],"ix":3},"sk":{"a":0,"k":0,"ix":4},"p":{"a":0,"k":[0,0],"ix":2},"r":{"a":0,"k":0,"ix":6},"sa":{"a":0,"k":0,"ix":5},"o":{"a":0,"k":100,"ix":7}}]}],"ind":7},{"ty":4,"nm":"Layer 3","sr":1,"st":0,"op":301,"ip":0,"hd":false,"ddd":0,"bm":0,"hasMask":false,"ao":0,"ks":{"a":{"a":0,"k":[0,0,0],"ix":1},"s":{"a":1,"k":[{"o":{"x":0.167,"y":0.167},"i":{"x":0.833,"y":0.833},"s":[100,100,100],"t":0},{"o":{"x":0.167,"y":0.167},"i":{"x":0.833,"y":0.833},"s":[50,50,100],"t":134},{"s":[100,100,100],"t":300}],"ix":6},"sk":{"a":0,"k":0},"p":{"a":0,"k":[265.164,610.138,0],"ix":2},"r":{"a":1,"k":[{"o":{"x":0.167,"y":0.167},"i":{"x":0.833,"y":0.833},"s":[0],"t":0},{"s":[360],"t":300}],"ix":10},"sa":{"a":0,"k":0},"o":{"a":0,"k":100,"ix":11}},"ef":[],"shapes":[{"ty":"gr","bm":0,"hd":false,"mn":"ADBE Vector Group","nm":"Group 1","ix":1,"cix":2,"np":2,"it":[{"ty":"sh","bm":0,"hd":false,"mn":"ADBE Vector Shape - Group","nm":"Path 1","ix":1,"d":1,"ks":{"a":0,"k":{"c":true,"i":[[0,0],[0,0],[0.264,-1.71],[0,0],[0,0],[1.71,0.264],[0,0],[0,0],[-0.264,1.71],[0,0],[0,0],[-1.71,-0.264]],"o":[[0,0],[-1.71,0.264],[0,0],[0,0],[-0.264,-1.71],[0,0],[0,0],[1.71,-0.264],[0,0],[0,0],[0.264,1.71],[0,0]],"v":[[13.165,0],[4.632,1.317],[1.317,4.632],[0,13.164],[-1.317,4.632],[-4.632,1.317],[-13.165,0],[-4.632,-1.318],[-1.317,-4.632],[0,-13.164],[1.317,-4.632],[4.632,-1.318]]},"ix":2}},{"ty":"fl","bm":0,"hd":false,"mn":"ADBE Vector Graphic - Fill","nm":"Fill 1","c":{"a":0,"k":[0.2157,0.102,0.2706],"ix":4},"r":1,"o":{"a":0,"k":100,"ix":5}},{"ty":"tr","a":{"a":0,"k":[0,0],"ix":1},"s":{"a":0,"k":[100,100],"ix":3},"sk":{"a":0,"k":0,"ix":4},"p":{"a":0,"k":[0,0],"ix":2},"r":{"a":0,"k":0,"ix":6},"sa":{"a":0,"k":0,"ix":5},"o":{"a":0,"k":100,"ix":7}}]}],"ind":8},{"ty":4,"nm":"Layer 2","sr":1,"st":0,"op":301,"ip":0,"hd":false,"ddd":0,"bm":0,"hasMask":false,"ao":0,"ks":{"a":{"a":0,"k":[0,0,0],"ix":1},"s":{"a":1,"k":[{"o":{"x":0.167,"y":0.167},"i":{"x":0.833,"y":0.833},"s":[100,100,100],"t":0},{"o":{"x":0.167,"y":0.167},"i":{"x":0.833,"y":0.833},"s":[50,50,100],"t":134},{"s":[100,100,100],"t":300}],"ix":6},"sk":{"a":0,"k":0},"p":{"a":0,"k":[300.393,550.184,0],"ix":2},"r":{"a":1,"k":[{"o":{"x":0.167,"y":0.167},"i":{"x":0.833,"y":0.833},"s":[0],"t":0},{"s":[360],"t":300}],"ix":10},"sa":{"a":0,"k":0},"o":{"a":0,"k":100,"ix":11}},"ef":[],"shapes":[{"ty":"gr","bm":0,"hd":false,"mn":"ADBE Vector Group","nm":"Group 1","ix":1,"cix":2,"np":2,"it":[{"ty":"sh","bm":0,"hd":false,"mn":"ADBE Vector Shape - Group","nm":"Path 1","ix":1,"d":1,"ks":{"a":0,"k":{"c":true,"i":[[0,0],[0,0],[0.281,-1.822],[0,0],[0,0],[1.822,0.281],[0,0],[0,0],[-0.281,1.822],[0,0],[0,0],[-1.822,-0.281]],"o":[[0,0],[-1.822,0.281],[0,0],[0,0],[-0.281,-1.822],[0,0],[0,0],[1.822,-0.281],[0,0],[0,0],[0.281,1.822],[0,0]],"v":[[14.031,0],[4.937,1.404],[1.404,4.937],[0,14.031],[-1.404,4.937],[-4.937,1.404],[-14.031,0],[-4.937,-1.404],[-1.404,-4.937],[0,-14.031],[1.404,-4.937],[4.937,-1.404]]},"ix":2}},{"ty":"fl","bm":0,"hd":false,"mn":"ADBE Vector Graphic - Fill","nm":"Fill 1","c":{"a":0,"k":[0.2157,0.102,0.2706],"ix":4},"r":1,"o":{"a":0,"k":100,"ix":5}},{"ty":"tr","a":{"a":0,"k":[0,0],"ix":1},"s":{"a":0,"k":[100,100],"ix":3},"sk":{"a":0,"k":0,"ix":4},"p":{"a":0,"k":[0,0],"ix":2},"r":{"a":0,"k":0,"ix":6},"sa":{"a":0,"k":0,"ix":5},"o":{"a":0,"k":100,"ix":7}}]}],"ind":9}]}]}